{"type": "FeatureCollection", "features": [{"type": "Feature", "geometry": {"type": "Point", "coordinates": [-64.4534944828351, -31.7402077794747]}, "properties": {"name": "Rotonda Km 43.60"}}, {"type": "Feature", "geometry": {"type": "Point", "coordinates": [-64.1384735032895, -31.1150272826644]}, "properties": {"name": "Km 4.60"}}, {"type": "Feature", "geometry": {"type": "Point", "coordinates": [-64.1447895996649, -31.1479967126118]}, "properties": {"name": "Km 0"}}, {"type": "Feature", "geometry": {"type": "Point", "coordinates": [-64.136476460766, -31.1204139321776]}, "properties": {"name": "Km 4"}}, {"type": "Feature", "geometry": {"type": "Point", "coordinates": [-64.1294746876979, -31.1270855800578]}, "properties": {"name": "Km 3"}}, {"type": "Feature", "geometry": {"type": "Point", "coordinates": [-64.1299380656762, -31.1356545654769]}, "properties": {"name": "Km 2"}}, {"type": "Feature", "geometry": {"type": "Point", "coordinates": [-64.1374973699372, -31.1418519056592]}, "properties": {"name": "Km 1"}}, {"type": "Feature", "geometry": {"type": "Point", "coordinates": [-64.161554456917, -31.1146267414006]}, "properties": {"name": "Km 737.27"}}, {"type": "Feature", "geometry": {"type": "Point", "coordinates": [-64.1612620195104, -31.2331717176044]}, "properties": {"name": "Km 724.00"}}, {"type": "Feature", "geometry": {"type": "Point", "coordinates": [-63.7740667327436, -31.3036895893504]}, "properties": {"name": "Km 3.36"}}, {"type": "Feature", "geometry": {"type": "Point", "coordinates": [-63.7708290233197, -31.3020072730845]}, "properties": {"name": "Km 3"}}, {"type": "Feature", "geometry": {"type": "Point", "coordinates": [-63.763038839698, -31.2961017631299]}, "properties": {"name": "Km 2"}}, {"type": "Feature", "geometry": {"type": "Point", "coordinates": [-63.7528479650113, -31.2941881769116]}, "properties": {"name": "Km 1"}}, {"type": "Feature", "geometry": {"type": "Point", "coordinates": [-63.7425520416398, -31.2958706075544]}, "properties": {"name": "Km 0"}}, {"type": "Feature", "geometry": {"type": "Point", "coordinates": [-63.7740667327436, -31.3036895893504]}, "properties": {"name": "Km 296.66"}}, {"type": "Feature", "geometry": {"type": "Point", "coordinates": [-63.7425520416398, -31.2958706075544]}, "properties": {"name": "Km 293.52"}}, {"type": "Feature", "geometry": {"type": "Point", "coordinates": [-63.7614189873896, -31.3114533545308]}, "properties": {"name": "PIQUILLÍN"}}, {"type": "Feature", "geometry": {"type": "Point", "coordinates": [-63.8700660351024, -31.307081984852]}, "properties": {"name": "Vte. PARAJE KM 691"}}, {"type": "Feature", "geometry": {"type": "Point", "coordinates": [-63.8236788683562, -31.3150478943398]}, "properties": {"name": "Km 0"}}, {"type": "Feature", "geometry": {"type": "Point", "coordinates": [-63.8651221973263, -31.3269719723787]}, "properties": {"name": "Km 305.62"}}, {"type": "Feature", "geometry": {"type": "Point", "coordinates": [-63.8649080959917, -31.3248909794709]}, "properties": {"name": "Km 4.15"}}, {"type": "Feature", "geometry": {"type": "Point", "coordinates": [-63.8636254176915, -31.324155063241]}, "properties": {"name": "Km 4"}}, {"type": "Feature", "geometry": {"type": "Point", "coordinates": [-63.8543276564322, -31.3201750462937]}, "properties": {"name": "Km 3"}}, {"type": "Feature", "geometry": {"type": "Point", "coordinates": [-63.8442031704949, -31.3177697131331]}, "properties": {"name": "Km 2"}}, {"type": "Feature", "geometry": {"type": "Point", "coordinates": [-63.8340784181124, -31.315365932206]}, "properties": {"name": "Km 1"}}, {"type": "Feature", "geometry": {"type": "Point", "coordinates": [-63.8236788683562, -31.3150478943398]}, "properties": {"name": "Km 301.64"}}, {"type": "Feature", "geometry": {"type": "Point", "coordinates": [-63.8959427051146, -31.3327752656487]}, "properties": {"name": "Km 7.84"}}, {"type": "Feature", "geometry": {"type": "Point", "coordinates": [-63.9036138650817, -31.3355170348949]}, "properties": {"name": "Km 7"}}, {"type": "Feature", "geometry": {"type": "Point", "coordinates": [-63.9098875112123, -31.3427022717063]}, "properties": {"name": "Km 6"}}, {"type": "Feature", "geometry": {"type": "Point", "coordinates": [-63.9156538143609, -31.3502112421938]}, "properties": {"name": "Km 5"}}, {"type": "Feature", "geometry": {"type": "Point", "coordinates": [-63.9239102889734, -31.3557182606218]}, "properties": {"name": "Km 4"}}, {"type": "Feature", "geometry": {"type": "Point", "coordinates": [-63.9337924366474, -31.3586662538229]}, "properties": {"name": "Km 3"}}, {"type": "Feature", "geometry": {"type": "Point", "coordinates": [-63.9442633062346, -31.3589200051354]}, "properties": {"name": "Km 2"}}, {"type": "Feature", "geometry": {"type": "Point", "coordinates": [-63.9547542708802, -31.3583949716439]}, "properties": {"name": "Km 1"}}, {"type": "Feature", "geometry": {"type": "Point", "coordinates": [-63.9652544241481, -31.3575652789537]}, "properties": {"name": "Km 0"}}, {"type": "Feature", "geometry": {"type": "Point", "coordinates": [-63.9732643563712, -31.3381869061489]}, "properties": {"name": "Km 316.00"}}, {"type": "Feature", "geometry": {"type": "Point", "coordinates": [-63.9350640145464, -31.3679773338046]}, "properties": {"name": "Vte. MONTECRISTO"}}, {"type": "Feature", "geometry": {"type": "Point", "coordinates": [-63.9032962211669, -31.3127419118987]}, "properties": {"name": "Km 308.70"}}, {"type": "Feature", "geometry": {"type": "Point", "coordinates": [-64.3055134038315, -31.7977076087444]}, "properties": {"name": "Km 767.00"}}, {"type": "Feature", "geometry": {"type": "Point", "coordinates": [-64.3088869473944, -31.806040460782]}, "properties": {"name": "Km 766.00"}}, {"type": "Feature", "geometry": {"type": "Point", "coordinates": [-64.3071666602769, -31.8148914794218]}, "properties": {"name": "Km 765.00"}}, {"type": "Feature", "geometry": {"type": "Point", "coordinates": [-64.3071387689419, -31.8239067945259]}, "properties": {"name": "Km 764.00"}}, {"type": "Feature", "geometry": {"type": "Point", "coordinates": [-64.3685571675316, -32.0060550870589]}, "properties": {"name": "Km 741.00"}}, {"type": "Feature", "geometry": {"type": "Point", "coordinates": [-64.3759924919715, -31.9996423876878]}, "properties": {"name": "Km 742.00"}}, {"type": "Feature", "geometry": {"type": "Point", "coordinates": [-64.3781008907059, -31.9919447460559]}, "properties": {"name": "Km 743.00"}}, {"type": "Feature", "geometry": {"type": "Point", "coordinates": [-64.375799188244, -31.9835351333499]}, "properties": {"name": "Km 744.00"}}, {"type": "Feature", "geometry": {"type": "Point", "coordinates": [-64.3703715868692, -31.9762971664362]}, "properties": {"name": "Km 745.00"}}, {"type": "Feature", "geometry": {"type": "Point", "coordinates": [-64.3612161012889, -31.9721445434426]}, "properties": {"name": "Km 746.00"}}, {"type": "Feature", "geometry": {"type": "Point", "coordinates": [-64.3610915957383, -32.0124448876144]}, "properties": {"name": "Km 740.00"}}, {"type": "Feature", "geometry": {"type": "Point", "coordinates": [-64.2633614013711, -32.1488119709898]}, "properties": {"name": "Km 721.00"}}, {"type": "Feature", "geometry": {"type": "Point", "coordinates": [-64.2544299784868, -32.153666030936]}, "properties": {"name": "Km 720.00"}}, {"type": "Feature", "geometry": {"type": "Point", "coordinates": [-64.2455175871746, -32.1585446606764]}, "properties": {"name": "Km 719.00"}}, {"type": "Feature", "geometry": {"type": "Point", "coordinates": [-64.2443247724174, -32.1667836134604]}, "properties": {"name": "Km 718.00"}}, {"type": "Feature", "geometry": {"type": "Point", "coordinates": [-64.2462490762221, -32.1744311138662]}, "properties": {"name": "Km 717.00"}}, {"type": "Feature", "geometry": {"type": "Point", "coordinates": [-64.2517518788854, -32.1803723648154]}, "properties": {"name": "Km 716.00"}}, {"type": "Feature", "geometry": {"type": "Point", "coordinates": [-64.2514831501318, -32.1848124099759]}, "properties": {"name": "Km 715.00"}}, {"type": "Feature", "geometry": {"type": "Point", "coordinates": [-64.2632100110954, -32.1894072822255]}, "properties": {"name": "Km 714.00"}}, {"type": "Feature", "geometry": {"type": "Point", "coordinates": [-64.2631948068872, -32.1984236247022]}, "properties": {"name": "Km 713.00"}}, {"type": "Feature", "geometry": {"type": "Point", "coordinates": [-64.2718485689647, -32.2013988264296]}, "properties": {"name": "Km 712.00"}}, {"type": "Feature", "geometry": {"type": "Point", "coordinates": [-64.2822487911343, -32.2031589089926]}, "properties": {"name": "Km 711.00"}}, {"type": "Feature", "geometry": {"type": "Point", "coordinates": [-64.283675757216, -32.2114177073506]}, "properties": {"name": "Km 710.00"}}, {"type": "Feature", "geometry": {"type": "Point", "coordinates": [-64.2822132021143, -32.3193156147932]}, "properties": {"name": "Km 698.00"}}, {"type": "Feature", "geometry": {"type": "Point", "coordinates": [-64.286728010475, -32.3274603165288]}, "properties": {"name": "Km 697.00"}}, {"type": "Feature", "geometry": {"type": "Point", "coordinates": [-64.2918016422423, -32.3353807824235]}, "properties": {"name": "Km 696.00"}}, {"type": "Feature", "geometry": {"type": "Point", "coordinates": [-64.2968761754363, -32.3433010117951]}, "properties": {"name": "Km 695.00"}}, {"type": "Feature", "geometry": {"type": "Point", "coordinates": [-64.3019516105265, -32.3512210044565]}, "properties": {"name": "Km 694.00"}}, {"type": "Feature", "geometry": {"type": "Point", "coordinates": [-64.3206615131105, -32.3579357612857]}, "properties": {"name": "Km 692.00"}}, {"type": "Feature", "geometry": {"type": "Point", "coordinates": [-64.3520119339504, -32.7345224702239]}, "properties": {"name": "Km 646.00"}}, {"type": "Feature", "geometry": {"type": "Point", "coordinates": [-64.3508655729982, -32.7434856233571]}, "properties": {"name": "Km 645.00"}}, {"type": "Feature", "geometry": {"type": "Point", "coordinates": [-64.3497190149038, -32.7524487595339]}, "properties": {"name": "Km 644.00"}}, {"type": "Feature", "geometry": {"type": "Point", "coordinates": [-64.3485722595214, -32.7614118787414]}, "properties": {"name": "Km 643.00"}}, {"type": "Feature", "geometry": {"type": "Point", "coordinates": [-64.3469206281574, -32.7703249772742]}, "properties": {"name": "Km 64200"}}, {"type": "Feature", "geometry": {"type": "Point", "coordinates": [-64.3622409894398, -32.9849082391619]}, "properties": {"name": "Km 617.00"}}, {"type": "Feature", "geometry": {"type": "Point", "coordinates": [-64.3622676083077, -32.9954917860729]}, "properties": {"name": "Km 616.00"}}, {"type": "Feature", "geometry": {"type": "Point", "coordinates": [-64.3611789319449, -33.0058447464891]}, "properties": {"name": "Km 615.00"}}, {"type": "Feature", "geometry": {"type": "Point", "coordinates": [-64.3462689204763, -33.0204178294814]}, "properties": {"name": "Km 614.00"}}, {"type": "Feature", "geometry": {"type": "Point", "coordinates": [-64.3529852159601, -32.9741640207847]}, "properties": {"name": "Km 4.63"}}, {"type": "Feature", "geometry": {"type": "Point", "coordinates": [-64.349177789215, -32.9788748274728]}, "properties": {"name": "Km 4"}}, {"type": "Feature", "geometry": {"type": "Point", "coordinates": [-64.3430071523736, -32.9862384942903]}, "properties": {"name": "Km 3"}}, {"type": "Feature", "geometry": {"type": "Point", "coordinates": [-64.340479963754, -32.9948050461792]}, "properties": {"name": "Km 2"}}, {"type": "Feature", "geometry": {"type": "Point", "coordinates": [-64.3405047289077, -33.0038200493333]}, "properties": {"name": "Km 1"}}, {"type": "Feature", "geometry": {"type": "Point", "coordinates": [-64.3405295321349, -33.0128350396731]}, "properties": {"name": "Km 0"}}, {"type": "Feature", "geometry": {"type": "Point", "coordinates": [-64.334756986913, -32.9883228594976]}, "properties": {"name": "Vte. ESPINILLO"}}, {"type": "Feature", "geometry": {"type": "Point", "coordinates": [-64.3568534288759, -32.8692175196318]}, "properties": {"name": "Vte. CORONEL BAIGORRIA"}}, {"type": "Feature", "geometry": {"type": "Point", "coordinates": [-64.3496514391236, -32.8417724691543]}, "properties": {"name": "Km 4.60"}}, {"type": "Feature", "geometry": {"type": "Point", "coordinates": [-64.3504812287375, -32.8470908899642]}, "properties": {"name": "Km 4"}}, {"type": "Feature", "geometry": {"type": "Point", "coordinates": [-64.3551974435178, -32.855036970299]}, "properties": {"name": "Km 3"}}, {"type": "Feature", "geometry": {"type": "Point", "coordinates": [-64.3606426418964, -32.8627864573288]}, "properties": {"name": "Km 2"}}, {"type": "Feature", "geometry": {"type": "Point", "coordinates": [-64.3659072268431, -32.870630774967]}, "properties": {"name": "Km 1"}}, {"type": "Feature", "geometry": {"type": "Point", "coordinates": [-64.371008652502, -32.8785476892531]}, "properties": {"name": "Km 0"}}, {"type": "Feature", "geometry": {"type": "Point", "coordinates": [-64.3127618349902, -32.7669916504572]}, "properties": {"name": "Vte. GIGENA"}}, {"type": "Feature", "geometry": {"type": "Point", "coordinates": [-64.3443337498463, -32.7133610854978]}, "properties": {"name": "Km 11.18"}}, {"type": "Feature", "geometry": {"type": "Point", "coordinates": [-64.342693106169, -32.7142732860445]}, "properties": {"name": "Km 11"}}, {"type": "Feature", "geometry": {"type": "Point", "coordinates": [-64.332533952587, -32.7167384536737]}, "properties": {"name": "Km 10"}}, {"type": "Feature", "geometry": {"type": "Point", "coordinates": [-64.3225102800281, -32.7194932766018]}, "properties": {"name": "Km 9"}}, {"type": "Feature", "geometry": {"type": "Point", "coordinates": [-64.3171565394975, -32.7270001859763]}, "properties": {"name": "Km 8"}}, {"type": "Feature", "geometry": {"type": "Point", "coordinates": [-64.3185697712159, -32.7358880139053]}, "properties": {"name": "Km 7"}}, {"type": "Feature", "geometry": {"type": "Point", "coordinates": [-64.3207678955648, -32.7447079755227]}, "properties": {"name": "Km 6"}}, {"type": "Feature", "geometry": {"type": "Point", "coordinates": [-64.3201874218965, -32.7536581841802]}, "properties": {"name": "Km 5"}}, {"type": "Feature", "geometry": {"type": "Point", "coordinates": [-64.3222571261037, -32.762499269045]}, "properties": {"name": "Km 4"}}, {"type": "Feature", "geometry": {"type": "Point", "coordinates": [-64.3245046417764, -32.7713123979022]}, "properties": {"name": "Km 3"}}, {"type": "Feature", "geometry": {"type": "Point", "coordinates": [-64.326734094401, -32.7801288431222]}, "properties": {"name": "Km 2"}}, {"type": "Feature", "geometry": {"type": "Point", "coordinates": [-64.3289329803268, -32.7889507842371]}, "properties": {"name": "Km 1"}}, {"type": "Feature", "geometry": {"type": "Point", "coordinates": [-64.3334188539805, -32.7969769875172]}, "properties": {"name": "Km 0"}}, {"type": "Feature", "geometry": {"type": "Point", "coordinates": [-64.4034908706658, -32.5453443289725]}, "properties": {"name": "Km 7.15"}}, {"type": "Feature", "geometry": {"type": "Point", "coordinates": [-64.4018960234767, -32.5466094988767]}, "properties": {"name": "Km 7"}}, {"type": "Feature", "geometry": {"type": "Point", "coordinates": [-64.4080004991486, -32.5539266630961]}, "properties": {"name": "Km 6"}}, {"type": "Feature", "geometry": {"type": "Point", "coordinates": [-64.4098578775585, -32.5625654204881]}, "properties": {"name": "Km 5"}}, {"type": "Feature", "geometry": {"type": "Point", "coordinates": [-64.4077758148665, -32.5714044760549]}, "properties": {"name": "Km 4"}}, {"type": "Feature", "geometry": {"type": "Point", "coordinates": [-64.4040814519237, -32.5797938245793]}, "properties": {"name": "Km 3"}}, {"type": "Feature", "geometry": {"type": "Point", "coordinates": [-64.3968445271521, -32.5863292591975]}, "properties": {"name": "Km 2"}}, {"type": "Feature", "geometry": {"type": "Point", "coordinates": [-64.3881775608294, -32.5914462116837]}, "properties": {"name": "Km 1"}}, {"type": "Feature", "geometry": {"type": "Point", "coordinates": [-64.3875923176664, -32.6001119701377]}, "properties": {"name": "Km 0"}}, {"type": "Feature", "geometry": {"type": "Point", "coordinates": [-64.3813374936191, -32.4415983843703]}, "properties": {"name": "Km 680.00"}}, {"type": "Feature", "geometry": {"type": "Point", "coordinates": [-64.3836297810498, -32.4496896703595]}, "properties": {"name": "Km 679.00"}}, {"type": "Feature", "geometry": {"type": "Point", "coordinates": [-64.3859225042624, -32.4577808933052]}, "properties": {"name": "Km 678.00"}}, {"type": "Feature", "geometry": {"type": "Point", "coordinates": [-64.383300652382, -32.4237897762496]}, "properties": {"name": "Km 8.80"}}, {"type": "Feature", "geometry": {"type": "Point", "coordinates": [-64.38772167209, -32.4282515586913]}, "properties": {"name": "Km 8"}}, {"type": "Feature", "geometry": {"type": "Point", "coordinates": [-64.3971598877084, -32.4324000804783]}, "properties": {"name": "Km 7"}}, {"type": "Feature", "geometry": {"type": "Point", "coordinates": [-64.4058949548035, -32.4374038414522]}, "properties": {"name": "Km 6"}}, {"type": "Feature", "geometry": {"type": "Point", "coordinates": [-64.4098552558354, -32.4456394391421]}, "properties": {"name": "Km 5"}}, {"type": "Feature", "geometry": {"type": "Point", "coordinates": [-64.4119847606711, -32.4544723811558]}, "properties": {"name": "Km 4"}}, {"type": "Feature", "geometry": {"type": "Point", "coordinates": [-64.4126569288611, -32.4633781691731]}, "properties": {"name": "Km 3"}}, {"type": "Feature", "geometry": {"type": "Point", "coordinates": [-64.407855060894, -32.4713690471747]}, "properties": {"name": "Km 2"}}, {"type": "Feature", "geometry": {"type": "Point", "coordinates": [-64.4023089501113, -32.4790618259813]}, "properties": {"name": "Km 1"}}, {"type": "Feature", "geometry": {"type": "Point", "coordinates": [-64.398735241719, -32.4874153822725]}, "properties": {"name": "Km 0"}}, {"type": "Feature", "geometry": {"type": "Point", "coordinates": [-64.2893357315367, -32.3096632737927]}, "properties": {"name": "Km 5.89"}}, {"type": "Feature", "geometry": {"type": "Point", "coordinates": [-64.3133058498886, -32.3558393162182]}, "properties": {"name": "Km 0"}}, {"type": "Feature", "geometry": {"type": "Point", "coordinates": [-64.2914888837653, -32.3168038518114]}, "properties": {"name": "Km 5"}}, {"type": "Feature", "geometry": {"type": "Point", "coordinates": [-64.2965444556578, -32.3247323649589]}, "properties": {"name": "Km 4"}}, {"type": "Feature", "geometry": {"type": "Point", "coordinates": [-64.3016009265276, -32.3326606430219]}, "properties": {"name": "Km 3"}}, {"type": "Feature", "geometry": {"type": "Point", "coordinates": [-64.3049060526194, -32.3411069288638]}, "properties": {"name": "Km 2"}}, {"type": "Feature", "geometry": {"type": "Point", "coordinates": [-64.3056644249706, -32.3500280947929]}, "properties": {"name": "Km 1"}}, {"type": "Feature", "geometry": {"type": "Point", "coordinates": [-64.3175603530294, -32.0975546751666]}, "properties": {"name": "Vte. LAS BAJADAS"}}, {"type": "Feature", "geometry": {"type": "Point", "coordinates": [-64.3238202617351, -32.1010632711198]}, "properties": {"name": "Km 0.5"}}, {"type": "Feature", "geometry": {"type": "Point", "coordinates": [-64.3286749041141, -32.0927720711741]}, "properties": {"name": "Km 1.55"}}, {"type": "Feature", "geometry": {"type": "Point", "coordinates": [-64.3228090076276, -32.1054872912732]}, "properties": {"name": "Km 0"}}, {"type": "Feature", "geometry": {"type": "Point", "coordinates": [-64.3251817004288, -32.0967315753225]}, "properties": {"name": "Km 1"}}, {"type": "Feature", "geometry": {"type": "Point", "coordinates": [-64.2794532540416, -32.1443477951275]}, "properties": {"name": "Km 11"}}, {"type": "Feature", "geometry": {"type": "Point", "coordinates": [-64.2818579456207, -32.1505289723396]}, "properties": {"name": "Km 10"}}, {"type": "Feature", "geometry": {"type": "Point", "coordinates": [-64.2859703124138, -32.1583650892672]}, "properties": {"name": "Km 9"}}, {"type": "Feature", "geometry": {"type": "Point", "coordinates": [-64.2909618495737, -32.165987152235]}, "properties": {"name": "Km 8"}}, {"type": "Feature", "geometry": {"type": "Point", "coordinates": [-64.2993024394593, -32.1715517875262]}, "properties": {"name": "Km 7"}}, {"type": "Feature", "geometry": {"type": "Point", "coordinates": [-64.3084240535346, -32.1760702943833]}, "properties": {"name": "Km 6"}}, {"type": "Feature", "geometry": {"type": "Point", "coordinates": [-64.3110778485862, -32.1842324189248]}, "properties": {"name": "Km 5"}}, {"type": "Feature", "geometry": {"type": "Point", "coordinates": [-64.3067550149608, -32.1924645371071]}, "properties": {"name": "Km 4"}}, {"type": "Feature", "geometry": {"type": "Point", "coordinates": [-64.3024232927909, -32.200694113219]}, "properties": {"name": "Km 3"}}, {"type": "Feature", "geometry": {"type": "Point", "coordinates": [-64.2980583748022, -32.2089109708967]}, "properties": {"name": "Km 2"}}, {"type": "Feature", "geometry": {"type": "Point", "coordinates": [-64.2931320270659, -32.2168894109196]}, "properties": {"name": "Km 1"}}, {"type": "Feature", "geometry": {"type": "Point", "coordinates": [-64.2878946495177, -32.2247275296965]}, "properties": {"name": "Km 0"}}, {"type": "Feature", "geometry": {"type": "Point", "coordinates": [-64.3417480690863, -32.1731186196215]}, "properties": {"name": "Vte. PIEDRAS MORAS "}}, {"type": "Feature", "geometry": {"type": "Point", "coordinates": [-64.3369477443667, -32.1770308208431]}, "properties": {"name": "( ALMAFUERTE )"}}, {"type": "Feature", "geometry": {"type": "Point", "coordinates": [-64.3115162233281, -31.8343170475097]}, "properties": {"name": "Km 0"}}, {"type": "Feature", "geometry": {"type": "Point", "coordinates": [-64.3615395754439, -32.0101125935831]}, "properties": {"name": "Km 0"}}, {"type": "Feature", "geometry": {"type": "Point", "coordinates": [-64.3517887657585, -31.9696731425568]}, "properties": {"name": "Km 4.63"}}, {"type": "Feature", "geometry": {"type": "Point", "coordinates": [-64.3543629801554, -31.9748893922212]}, "properties": {"name": "Km 4"}}, {"type": "Feature", "geometry": {"type": "Point", "coordinates": [-64.3578647401744, -31.9833630829273]}, "properties": {"name": "Km 3"}}, {"type": "Feature", "geometry": {"type": "Point", "coordinates": [-64.3594183096405, -31.9922723449269]}, "properties": {"name": "Km 2"}}, {"type": "Feature", "geometry": {"type": "Point", "coordinates": [-64.3609738120994, -32.0011907427742]}, "properties": {"name": "Km 1"}}, {"type": "Feature", "geometry": {"type": "Point", "coordinates": [-64.3111469520939, -31.7845319025516]}, "properties": {"name": "Km 5.88"}}, {"type": "Feature", "geometry": {"type": "Point", "coordinates": [-64.3126504477517, -31.7917608464358]}, "properties": {"name": "Km 5"}}, {"type": "Feature", "geometry": {"type": "Point", "coordinates": [-64.3172989088243, -31.7997158349097]}, "properties": {"name": "Km 4"}}, {"type": "Feature", "geometry": {"type": "Point", "coordinates": [-64.3178781965962, -31.8087158873318]}, "properties": {"name": "Km 3"}}, {"type": "Feature", "geometry": {"type": "Point", "coordinates": [-64.3182365220278, -31.8177274334239]}, "properties": {"name": "Km 2"}}, {"type": "Feature", "geometry": {"type": "Point", "coordinates": [-63.8383195976516, -31.6952975126814]}, "properties": {"name": "Long.: 4km"}}, {"type": "Feature", "geometry": {"type": "Point", "coordinates": [-63.8561274902446, -31.6931795873174]}, "properties": {"name": "Conexion: RN9 (km 657.51) - Aut. Cba.-Rosario (km 659.28)"}}, {"type": "Feature", "geometry": {"type": "Point", "coordinates": [-63.848150239639, -31.6767039413984]}, "properties": {"name": "KM 004"}}, {"type": "Feature", "geometry": {"type": "Point", "coordinates": [-63.8459702208313, -31.6848341293198]}, "properties": {"name": "KM 003"}}, {"type": "Feature", "geometry": {"type": "Point", "coordinates": [-63.8547209654001, -31.6900187625341]}, "properties": {"name": "KM 002"}}, {"type": "Feature", "geometry": {"type": "Point", "coordinates": [-63.8429291630153, -31.6730609054096]}, "properties": {"name": "Km 660.00"}}, {"type": "Feature", "geometry": {"type": "Point", "coordinates": [-64.4408508708057, -31.6367723834746]}, "properties": {"name": "Rotonda km 25.45"}}, {"type": "Feature", "geometry": {"type": "Point", "coordinates": [-64.5202259931678, -31.1788963519417]}, "properties": {"name": "28.37 km +1 km Bajada Molinari "}}, {"type": "Feature", "geometry": {"type": "Point", "coordinates": [-64.5196862586851, -31.1732474621144]}, "properties": {"name": "Ruta Provincial Alt.38"}}, {"type": "Feature", "geometry": {"type": "Point", "coordinates": [-64.5087937740419, -31.7286957326359]}, "properties": {"name": "27.837 km"}}, {"type": "Feature", "geometry": {"type": "Point", "coordinates": [-64.5086988149378, -31.7228356856153]}, "properties": {"name": "Alternativa Ruta Provincial Nº5"}}, {"type": "Feature", "geometry": {"type": "Point", "coordinates": [-64.5155357410846, -31.7888449382324]}, "properties": {"name": "KM 52.27"}}, {"type": "Feature", "geometry": {"type": "Point", "coordinates": [-64.5128209676555, -31.7858643319312]}, "properties": {"name": "KM 52.00"}}, {"type": "Feature", "geometry": {"type": "Point", "coordinates": [-64.5067528296929, -31.7787031114226]}, "properties": {"name": "KM 51.00"}}, {"type": "Feature", "geometry": {"type": "Point", "coordinates": [-64.4975643385854, -31.7714425599735]}, "properties": {"name": "KM 50.00"}}, {"type": "Feature", "geometry": {"type": "Point", "coordinates": [-64.4897349196438, -31.7695964669541]}, "properties": {"name": "KM 49.00"}}, {"type": "Feature", "geometry": {"type": "Point", "coordinates": [-64.4837149120195, -31.7651379285725]}, "properties": {"name": "KM 48.00"}}, {"type": "Feature", "geometry": {"type": "Point", "coordinates": [-64.4768325894078, -31.7600046851439]}, "properties": {"name": "KM 47.00"}}, {"type": "Feature", "geometry": {"type": "Point", "coordinates": [-64.4568667051018, -31.7346297035616]}, "properties": {"name": "KM 44.00"}}, {"type": "Feature", "geometry": {"type": "Point", "coordinates": [-64.4740652707028, -31.7519003057677]}, "properties": {"name": "KM 46.00"}}, {"type": "Feature", "geometry": {"type": "Point", "coordinates": [-64.4708377357133, -31.7413081257603]}, "properties": {"name": "KM 45.00"}}, {"type": "Feature", "geometry": {"type": "Point", "coordinates": [-64.2284930090223, -31.2782368453772]}, "properties": {"name": "Peaje 2° Anillo Circ. 0.500km"}}, {"type": "Feature", "geometry": {"type": "Point", "coordinates": [-64.4553736889611, -31.1652780932181]}, "properties": {"name": "COSQUIN"}}, {"type": "Feature", "geometry": {"type": "Point", "coordinates": [-64.4602032131925, -31.1906138346775]}, "properties": {"name": "MOLINARI"}}, {"type": "Feature", "geometry": {"type": "Point", "coordinates": [-64.5281753299939, -31.7847008009901]}, "properties": {"name": "VILLA"}}, {"type": "Feature", "geometry": {"type": "Point", "coordinates": [-64.5382090786668, -31.7893209385647]}, "properties": {"name": "CIUDAD AMERICA"}}, {"type": "Feature", "geometry": {"type": "Point", "coordinates": [-64.5133177183948, -31.3142735130211]}, "properties": {"name": "Peaje Alternativa RN38             Pr. 15.460"}}, {"type": "Feature", "geometry": {"type": "Point", "coordinates": [-64.117152795993, -31.2861917727248]}, "properties": {"name": "FIN:km 011.213"}}, {"type": "Feature", "geometry": {"type": "Point", "coordinates": [-64.2340532588589, -31.2813680440856]}, "properties": {"name": "INICIO:km 0"}}, {"type": "Feature", "geometry": {"type": "Point", "coordinates": [-64.1193678069763, -31.2859152557845]}, "properties": {"name": "km 011"}}, {"type": "Feature", "geometry": {"type": "Point", "coordinates": [-64.1297545318484, -31.284574777274]}, "properties": {"name": "km 010"}}, {"type": "Feature", "geometry": {"type": "Point", "coordinates": [-64.1402165410452, -31.2837970867392]}, "properties": {"name": "km 009"}}, {"type": "Feature", "geometry": {"type": "Point", "coordinates": [-64.1506779282967, -31.2830206096405]}, "properties": {"name": "km 008"}}, {"type": "Feature", "geometry": {"type": "Point", "coordinates": [-64.1611391160197, -31.2822432845736]}, "properties": {"name": "km 007"}}, {"type": "Feature", "geometry": {"type": "Point", "coordinates": [-64.1716254347584, -31.2818720032642]}, "properties": {"name": "km 006"}}, {"type": "Feature", "geometry": {"type": "Point", "coordinates": [-64.1821211763149, -31.2821791128922]}, "properties": {"name": "km 005"}}, {"type": "Feature", "geometry": {"type": "Point", "coordinates": [-64.1924619975773, -31.2805949508874]}, "properties": {"name": "km 004"}}, {"type": "Feature", "geometry": {"type": "Point", "coordinates": [-64.2028334835228, -31.2794617980017]}, "properties": {"name": "km 003"}}, {"type": "Feature", "geometry": {"type": "Point", "coordinates": [-64.2133346283937, -31.2794001875318]}, "properties": {"name": "km 002"}}, {"type": "Feature", "geometry": {"type": "Point", "coordinates": [-64.2238315195081, -31.2796189048136]}, "properties": {"name": "km 001"}}, {"type": "Feature", "geometry": {"type": "Point", "coordinates": [-64.3019421168455, -31.1727681809895]}, "properties": {"name": "Km 22.00"}}, {"type": "Feature", "geometry": {"type": "Point", "coordinates": [-64.2978015943198, -31.1467594708463]}, "properties": {"name": "km 25.00"}}, {"type": "Feature", "geometry": {"type": "Point", "coordinates": [-64.299944169212, -31.155541523456]}, "properties": {"name": "Km 24.00"}}, {"type": "Feature", "geometry": {"type": "Point", "coordinates": [-64.3016256695112, -31.1643185572144]}, "properties": {"name": "Km 23.00"}}, {"type": "Feature", "geometry": {"type": "Point", "coordinates": [-64.4533562091804, -31.7404830456522]}, "properties": {"name": "KM 019"}}, {"type": "Feature", "geometry": {"type": "Point", "coordinates": [-64.443943009367, -31.7441700573259]}, "properties": {"name": "KM 018"}}, {"type": "Feature", "geometry": {"type": "Point", "coordinates": [-64.4335258134655, -31.7434654046437]}, "properties": {"name": "KM 017"}}, {"type": "Feature", "geometry": {"type": "Point", "coordinates": [-64.4235053951486, -31.7462893712675]}, "properties": {"name": "KM 016"}}, {"type": "Feature", "geometry": {"type": "Point", "coordinates": [-64.4135039856592, -31.7490960334143]}, "properties": {"name": "KM 015"}}, {"type": "Feature", "geometry": {"type": "Point", "coordinates": [-64.403597615908, -31.7473988542942]}, "properties": {"name": "KM 014"}}, {"type": "Feature", "geometry": {"type": "Point", "coordinates": [-64.397225803198, -31.7402449122793]}, "properties": {"name": "KM 013"}}, {"type": "Feature", "geometry": {"type": "Point", "coordinates": [-64.3911292114188, -31.7328863438368]}, "properties": {"name": "KM 012"}}, {"type": "Feature", "geometry": {"type": "Point", "coordinates": [-64.3859439016543, -31.7251003343266]}, "properties": {"name": "KM 011"}}, {"type": "Feature", "geometry": {"type": "Point", "coordinates": [-64.3851078987092, -31.7161659082551]}, "properties": {"name": "KM 010"}}, {"type": "Feature", "geometry": {"type": "Point", "coordinates": [-64.3851943223417, -31.7071495127917]}, "properties": {"name": "KM 009"}}, {"type": "Feature", "geometry": {"type": "Point", "coordinates": [-64.3852807633783, -31.6981331053576]}, "properties": {"name": "KM 008"}}, {"type": "Feature", "geometry": {"type": "Point", "coordinates": [-64.3853672218236, -31.6891166859552]}, "properties": {"name": "KM 007"}}, {"type": "Feature", "geometry": {"type": "Point", "coordinates": [-64.3854535784607, -31.6801001961769]}, "properties": {"name": "KM 006"}}, {"type": "Feature", "geometry": {"type": "Point", "coordinates": [-64.3849075536773, -31.671095565363]}, "properties": {"name": "KM 005"}}, {"type": "Feature", "geometry": {"type": "Point", "coordinates": [-64.3842921223588, -31.6620946010526]}, "properties": {"name": "KM 004"}}, {"type": "Feature", "geometry": {"type": "Point", "coordinates": [-64.3837316316168, -31.6530905797986]}, "properties": {"name": "KM 003"}}, {"type": "Feature", "geometry": {"type": "Point", "coordinates": [-64.3849978921954, -31.6443147185788]}, "properties": {"name": "KM 002"}}, {"type": "Feature", "geometry": {"type": "Point", "coordinates": [-64.3933585073645, -31.6393644155036]}, "properties": {"name": "KM 001"}}, {"type": "Feature", "geometry": {"type": "Point", "coordinates": [-64.403464979129, -31.6372757727505]}, "properties": {"name": "KM 0"}}, {"type": "Feature", "geometry": {"type": "Point", "coordinates": [-64.4784665374266, -31.192479841708]}, "properties": {"name": "Pr. 1.00"}}, {"type": "Feature", "geometry": {"type": "Point", "coordinates": [-64.4835426935758, -31.1915685700677]}, "properties": {"name": "Pr. 0.50"}}, {"type": "Feature", "geometry": {"type": "Point", "coordinates": [-64.4882544283967, -31.1913273856282]}, "properties": {"name": "Pr. 000"}}, {"type": "Feature", "geometry": {"type": "Point", "coordinates": [-64.5107737696024, -31.1918650264058]}, "properties": {"name": "Km 028.37 FIN TR R38"}}, {"type": "Feature", "geometry": {"type": "Point", "coordinates": [-64.4917071510149, -31.1943654476471]}, "properties": {"name": "Km 028"}}, {"type": "Feature", "geometry": {"type": "Point", "coordinates": [-64.4938699943614, -31.2031016725868]}, "properties": {"name": "Km 027"}}, {"type": "Feature", "geometry": {"type": "Point", "coordinates": [-64.4909720126097, -31.2117474876251]}, "properties": {"name": "Km 026"}}, {"type": "Feature", "geometry": {"type": "Point", "coordinates": [-64.4845696181647, -31.2188875036557]}, "properties": {"name": "Km 025"}}, {"type": "Feature", "geometry": {"type": "Point", "coordinates": [-64.4832995802715, -31.227711777819]}, "properties": {"name": "Km 024"}}, {"type": "Feature", "geometry": {"type": "Point", "coordinates": [-64.4840608578175, -31.2355327925314]}, "properties": {"name": "Km 023"}}, {"type": "Feature", "geometry": {"type": "Point", "coordinates": [-64.4843210378608, -31.2438639955899]}, "properties": {"name": "Km 022"}}, {"type": "Feature", "geometry": {"type": "Point", "coordinates": [-64.4801653856683, -31.2521321047785]}, "properties": {"name": "Km 021"}}, {"type": "Feature", "geometry": {"type": "Point", "coordinates": [-64.4798414800375, -31.2610546332856]}, "properties": {"name": "Km 020"}}, {"type": "Feature", "geometry": {"type": "Point", "coordinates": [-64.4790070410832, -31.2700327912729]}, "properties": {"name": "Km 019"}}, {"type": "Feature", "geometry": {"type": "Point", "coordinates": [-64.4784457629068, -31.2789404076984]}, "properties": {"name": "Km 018"}}, {"type": "Feature", "geometry": {"type": "Point", "coordinates": [-64.4761691734386, -31.2876511000331]}, "properties": {"name": "Km 017"}}, {"type": "Feature", "geometry": {"type": "Point", "coordinates": [-64.4748732923908, -31.2965680565072]}, "properties": {"name": "Km 016"}}, {"type": "Feature", "geometry": {"type": "Point", "coordinates": [-64.4717390482414, -31.3051558476615]}, "properties": {"name": "Km 015"}}, {"type": "Feature", "geometry": {"type": "Point", "coordinates": [-64.4759009822983, -31.3132656241159]}, "properties": {"name": "Km 014"}}, {"type": "Feature", "geometry": {"type": "Point", "coordinates": [-64.4787905981429, -31.3217660394502]}, "properties": {"name": "Km 013"}}, {"type": "Feature", "geometry": {"type": "Point", "coordinates": [-64.4744151918028, -31.3294119942149]}, "properties": {"name": "Km 012"}}, {"type": "Feature", "geometry": {"type": "Point", "coordinates": [-64.4653449227948, -31.3336859063271]}, "properties": {"name": "Km 011"}}, {"type": "Feature", "geometry": {"type": "Point", "coordinates": [-64.4613173178162, -31.3419032334228]}, "properties": {"name": "Km 010"}}, {"type": "Feature", "geometry": {"type": "Point", "coordinates": [-64.4640207415481, -31.3505379627556]}, "properties": {"name": "Km 009"}}, {"type": "Feature", "geometry": {"type": "Point", "coordinates": [-64.4556337872792, -31.3536536591841]}, "properties": {"name": "Km 008"}}, {"type": "Feature", "geometry": {"type": "Point", "coordinates": [-64.4485907388493, -31.3578849605284]}, "properties": {"name": "Km 007"}}, {"type": "Feature", "geometry": {"type": "Point", "coordinates": [-64.4398654654558, -31.4897532490172]}, "properties": {"name": "1.5 km"}}, {"type": "Feature", "geometry": {"type": "Point", "coordinates": [-64.4397756851993, -31.4838928005105]}, "properties": {"name": "Ruta Provicial C-45"}}, {"type": "Feature", "geometry": {"type": "Point", "coordinates": [-64.2882277972761, -31.1394363257279]}, "properties": {"name": "SALSIPUEDES"}}, {"type": "Feature", "geometry": {"type": "Point", "coordinates": [-64.2972060447388, -31.1423158734559]}, "properties": {"name": "Km 25.52"}}, {"type": "Feature", "geometry": {"type": "Point", "coordinates": [-64.4497998774006, -31.4163417739206]}, "properties": {"name": "Km 000"}}, {"type": "Feature", "geometry": {"type": "Point", "coordinates": [-64.4457754520851, -31.3660853835396]}, "properties": {"name": "Km 006"}}, {"type": "Feature", "geometry": {"type": "Point", "coordinates": [-64.441519400903, -31.3733006049696]}, "properties": {"name": "Km 005"}}, {"type": "Feature", "geometry": {"type": "Point", "coordinates": [-64.4444603673752, -31.3901479011359]}, "properties": {"name": "Km 003"}}, {"type": "Feature", "geometry": {"type": "Point", "coordinates": [-64.4449962039829, -31.3991423812266]}, "properties": {"name": "Km 002"}}, {"type": "Feature", "geometry": {"type": "Point", "coordinates": [-64.4477126946874, -31.4078051881534]}, "properties": {"name": "Km 001"}}, {"type": "Feature", "geometry": {"type": "Point", "coordinates": [-64.4383647957794, -31.3782598236002]}, "properties": {"name": "Km 005"}}, {"type": "Feature", "geometry": {"type": "Point", "coordinates": [-64.0547019530301, -31.386892509502]}, "properties": {"name": "MALVINAS"}}, {"type": "Feature", "geometry": {"type": "Point", "coordinates": [-64.0547954923594, -31.3916333988718]}, "properties": {"name": "ARGENTINAS"}}, {"type": "Feature", "geometry": {"type": "Point", "coordinates": [-64.2889888275853, -32.1320084854033]}, "properties": {"name": "Peaje Piedras Moras- RN 36 - Km 724.500 "}}, {"type": "Feature", "geometry": {"type": "Point", "coordinates": [-64.3497749857329, -32.6993100584435]}, "properties": {"name": "Peaje Arroyo TEGUA- RN 36 - Km "}}, {"type": "Feature", "geometry": {"type": "Point", "coordinates": [-64.1283100764335, -31.3709490394799]}, "properties": {"name": "km 05"}}, {"type": "Feature", "geometry": {"type": "Point", "coordinates": [-64.139389110603, -31.453802774483]}, "properties": {"name": "km 016"}}, {"type": "Feature", "geometry": {"type": "Point", "coordinates": [-64.1942067360278, -31.3535582525493]}, "properties": {"name": "km 045"}}, {"type": "Feature", "geometry": {"type": "Point", "coordinates": [-64.2044921105322, -31.3545410724016]}, "properties": {"name": "km 044"}}, {"type": "Feature", "geometry": {"type": "Point", "coordinates": [-64.2497469774662, -31.3669741086611]}, "properties": {"name": "km 039"}}, {"type": "Feature", "geometry": {"type": "Point", "coordinates": [-64.2535845804699, -31.3753380583967]}, "properties": {"name": "km 038"}}, {"type": "Feature", "geometry": {"type": "Point", "coordinates": [-64.2595628482863, -31.3827224874646]}, "properties": {"name": "km 037"}}, {"type": "Feature", "geometry": {"type": "Point", "coordinates": [-64.2643897758126, -31.3907134947987]}, "properties": {"name": "km 036"}}, {"type": "Feature", "geometry": {"type": "Point", "coordinates": [-64.2682771806662, -31.3990921038078]}, "properties": {"name": "km 035"}}, {"type": "Feature", "geometry": {"type": "Point", "coordinates": [-64.2696618903972, -31.4078784632357]}, "properties": {"name": "km 034"}}, {"type": "Feature", "geometry": {"type": "Point", "coordinates": [-64.2697969013715, -31.4168865639703]}, "properties": {"name": "km 033"}}, {"type": "Feature", "geometry": {"type": "Point", "coordinates": [-64.2741320824546, -31.4248553538215]}, "properties": {"name": "km 032"}}, {"type": "Feature", "geometry": {"type": "Point", "coordinates": [-64.266953331884, -31.429863894494]}, "properties": {"name": "km 031"}}, {"type": "Feature", "geometry": {"type": "Point", "coordinates": [-64.2584074806303, -31.434982872657]}, "properties": {"name": "km 030"}}, {"type": "Feature", "geometry": {"type": "Point", "coordinates": [-64.252642776487, -31.4423920865475]}, "properties": {"name": "km 029"}}, {"type": "Feature", "geometry": {"type": "Point", "coordinates": [-64.2525293026148, -31.4514079980789]}, "properties": {"name": "km 028"}}, {"type": "Feature", "geometry": {"type": "Point", "coordinates": [-64.2481864615134, -31.458944904245]}, "properties": {"name": "km 027"}}, {"type": "Feature", "geometry": {"type": "Point", "coordinates": [-64.2380848931122, -31.4610589958031]}, "properties": {"name": "km 026"}}, {"type": "Feature", "geometry": {"type": "Point", "coordinates": [-64.2277496836578, -31.462678892654]}, "properties": {"name": "km 025"}}, {"type": "Feature", "geometry": {"type": "Point", "coordinates": [-64.1861673027912, -31.4677933650444]}, "properties": {"name": "km 021"}}, {"type": "Feature", "geometry": {"type": "Point", "coordinates": [-64.1651997085367, -31.46857928693]}, "properties": {"name": "km 019"}}, {"type": "Feature", "geometry": {"type": "Point", "coordinates": [-64.1475311672974, -31.4595146944521]}, "properties": {"name": "km 017"}}, {"type": "Feature", "geometry": {"type": "Point", "coordinates": [-64.1232074667428, -31.4422966049223]}, "properties": {"name": "km 014"}}, {"type": "Feature", "geometry": {"type": "Point", "coordinates": [-64.1163339602528, -31.4355073595821]}, "properties": {"name": "km 013"}}, {"type": "Feature", "geometry": {"type": "Point", "coordinates": [-63.6841443497887, -31.3144551275358]}, "properties": {"name": "VARIANTE RIO I"}}, {"type": "Feature", "geometry": {"type": "Point", "coordinates": [-63.6861428571302, -31.3167028856299]}, "properties": {"name": "DNV"}}, {"type": "Feature", "geometry": {"type": "Point", "coordinates": [-64.2927255107492, -31.166864337543]}, "properties": {"name": "21.76 km + 3.76 ROTONDA"}}, {"type": "Feature", "geometry": {"type": "Point", "coordinates": [-64.2927926300698, -31.1744531408699]}, "properties": {"name": "ACCESO"}}, {"type": "Feature", "geometry": {"type": "Point", "coordinates": [-64.2928957498782, -31.1820415738006]}, "properties": {"name": "A SALSIPUEDES"}}, {"type": "Feature", "geometry": {"type": "Point", "coordinates": [-64.3677753623021, -32.8300389344957]}, "properties": {"name": "Km 633.57"}}, {"type": "Feature", "geometry": {"type": "Point", "coordinates": [-64.2721398100359, -32.1440399683672]}, "properties": {"name": "Km 722.00"}}, {"type": "Feature", "geometry": {"type": "Point", "coordinates": [-64.3517887657585, -31.9696731425568]}, "properties": {"name": "Km 746.78"}}, {"type": "Feature", "geometry": {"type": "Point", "coordinates": [-64.3156251746423, -31.8262193763795]}, "properties": {"name": "Km 1"}}, {"type": "Feature", "geometry": {"type": "Point", "coordinates": [-64.3405295321349, -33.0128350396731]}, "properties": {"name": "Km 613.74"}}, {"type": "Feature", "geometry": {"type": "Point", "coordinates": [-64.3571206083286, -32.7931146794675]}, "properties": {"name": "Km 639.03"}}, {"type": "Feature", "geometry": {"type": "Point", "coordinates": [-64.368638414008, -32.7192437966448]}, "properties": {"name": "Km 648.10"}}, {"type": "Feature", "geometry": {"type": "Point", "coordinates": [-64.3965511348853, -32.5461367443465]}, "properties": {"name": "Km 667.58"}}, {"type": "Feature", "geometry": {"type": "Point", "coordinates": [-64.3943183881725, -32.4874550894307]}, "properties": {"name": "Km 674.40"}}, {"type": "Feature", "geometry": {"type": "Point", "coordinates": [-64.3764265600414, -32.4248576678883]}, "properties": {"name": "Km 682.00"}}, {"type": "Feature", "geometry": {"type": "Point", "coordinates": [-64.2839873039519, -32.2245775587958]}, "properties": {"name": "Km 708.54"}}, {"type": "Feature", "geometry": {"type": "Point", "coordinates": [-64.3360742525079, -32.1117605959737]}, "properties": {"name": "Km 728.59"}}, {"type": "Feature", "geometry": {"type": "Point", "coordinates": [-64.3446680696165, -32.0934788848935]}, "properties": {"name": "Km 730.15"}}, {"type": "Feature", "geometry": {"type": "Point", "coordinates": [-64.3050524987424, -31.7846409155503]}, "properties": {"name": "Km 768.51"}}, {"type": "Feature", "geometry": {"type": "Point", "coordinates": [-64.3615395754439, -32.0101125935831]}, "properties": {"name": "Km 740.20"}}, {"type": "Feature", "geometry": {"type": "Point", "coordinates": [-64.4095677324068, -32.8538564732682]}, "properties": {"name": "CORONEL BAIGORRIA"}}, {"type": "Feature", "geometry": {"type": "Point", "coordinates": [-64.3540077531725, -32.1019585785237]}, "properties": {"name": "LAS BAJADAS"}}, {"type": "Feature", "geometry": {"type": "Point", "coordinates": [-64.3524148558427, -31.8068330963353]}, "properties": {"name": "Vte. DESPEÑADEROS"}}, {"type": "Feature", "geometry": {"type": "Point", "coordinates": [-64.3671010959968, -32.7586288629343]}, "properties": {"name": "GIGENA"}}, {"type": "Feature", "geometry": {"type": "Point", "coordinates": [-64.4106492956907, -31.9797088602562]}, "properties": {"name": "SAN AGUSTIN"}}, {"type": "Feature", "geometry": {"type": "Point", "coordinates": [-64.2824676198431, -32.3100679038606]}, "properties": {"name": "Km 699.00"}}, {"type": "Feature", "geometry": {"type": "Point", "coordinates": [-64.3098736489537, -32.3558806802748]}, "properties": {"name": "Km 693.00"}}, {"type": "Feature", "geometry": {"type": "Point", "coordinates": [-64.3417064522458, -32.3240113399901]}, "properties": {"name": "Vte. LOS CONDORES"}}, {"type": "Feature", "geometry": {"type": "Point", "coordinates": [-64.4502434029083, -32.4498551859321]}, "properties": {"name": "Vte. BERRROTARAN"}}, {"type": "Feature", "geometry": {"type": "Point", "coordinates": [-64.2617669160943, -32.1921210031237]}, "properties": {"name": "ALMAFUERTE"}}, {"type": "Feature", "geometry": {"type": "Point", "coordinates": [-64.4082157280757, -32.6008839745161]}, "properties": {"name": "Km 661.51"}}, {"type": "Feature", "geometry": {"type": "Point", "coordinates": [-64.4315131809379, -32.5676772275919]}, "properties": {"name": "Vte. ELENA"}}, {"type": "Feature", "geometry": {"type": "Point", "coordinates": [-64.3733670258419, -32.9823232998256]}, "properties": {"name": "Km 618.00"}}, {"type": "Feature", "geometry": {"type": "Point", "coordinates": [-64.3942053922649, -32.8813710242808]}, "properties": {"name": "Km 628.76"}}, {"type": "Feature", "geometry": {"type": "Point", "coordinates": [-64.3399599053692, -33.0193944383798]}, "properties": {"name": "Km 613.00"}}, {"type": "Feature", "geometry": {"type": "Point", "coordinates": [-64.381883328289, -32.8763440952182]}, "properties": {"name": "Km 629.00"}}, {"type": "Feature", "geometry": {"type": "Point", "coordinates": [-64.388602778658, -32.5861925575534]}, "properties": {"name": "Km 663.00"}}, {"type": "Feature", "geometry": {"type": "Point", "coordinates": [-64.3400373102458, -33.0284091965493]}, "properties": {"name": "Km 612.00"}}, {"type": "Feature", "geometry": {"type": "Point", "coordinates": [-64.340114763909, -33.0374239415834]}, "properties": {"name": "Km 611.00"}}, {"type": "Feature", "geometry": {"type": "Point", "coordinates": [-64.3402698176636, -33.0554533922376]}, "properties": {"name": "Km 609.00"}}, {"type": "Feature", "geometry": {"type": "Point", "coordinates": [-64.3403474177895, -33.0644680978536]}, "properties": {"name": "Km 608.00"}}, {"type": "Feature", "geometry": {"type": "Point", "coordinates": [-64.3411863351305, -31.9070226669035]}, "properties": {"name": "Km 754.00"}}, {"type": "Feature", "geometry": {"type": "Point", "coordinates": [-64.3288028155031, -31.8935719814231]}, "properties": {"name": "Km 756.00"}}, {"type": "Feature", "geometry": {"type": "Point", "coordinates": [-64.3213416628094, -31.876441412823]}, "properties": {"name": "Km 758.00"}}, {"type": "Feature", "geometry": {"type": "Point", "coordinates": [-64.3149889661801, -31.8593346688293]}, "properties": {"name": "Km 760.00"}}, {"type": "Feature", "geometry": {"type": "Point", "coordinates": [-64.310151087039, -31.8415712639661]}, "properties": {"name": "Km 762.00"}}, {"type": "Feature", "geometry": {"type": "Point", "coordinates": [-64.3053906170014, -31.7892537224072]}, "properties": {"name": "Km 768.00"}}, {"type": "Feature", "geometry": {"type": "Point", "coordinates": [-64.3053606138743, -31.7716532323488]}, "properties": {"name": "Km 770.00"}}, {"type": "Feature", "geometry": {"type": "Point", "coordinates": [-64.3036752831098, -31.7529626105725]}, "properties": {"name": "Km 772.00"}}, {"type": "Feature", "geometry": {"type": "Point", "coordinates": [-64.2999637242741, -31.735700767472]}, "properties": {"name": "Km 774.00"}}, {"type": "Feature", "geometry": {"type": "Point", "coordinates": [-64.2999535356011, -31.7176494981312]}, "properties": {"name": "Km 776.00"}}, {"type": "Feature", "geometry": {"type": "Point", "coordinates": [-64.3042974443541, -31.7000070072129]}, "properties": {"name": "Km 778.00"}}, {"type": "Feature", "geometry": {"type": "Point", "coordinates": [-64.3118345145724, -31.6639812628016]}, "properties": {"name": "Km 782.00"}}, {"type": "Feature", "geometry": {"type": "Point", "coordinates": [-64.3082297733792, -31.6822071422783]}, "properties": {"name": "Km 780.00"}}, {"type": "Feature", "geometry": {"type": "Point", "coordinates": [-64.3384438228972, -33.0817257912559]}, "properties": {"name": "Km 606.00"}}, {"type": "Feature", "geometry": {"type": "Point", "coordinates": [-64.3404250667708, -33.0734827903264]}, "properties": {"name": "Km 607.00"}}, {"type": "Feature", "geometry": {"type": "Point", "coordinates": [-64.2807028282869, -32.1391228935115]}, "properties": {"name": "Km 723.00"}}, {"type": "Feature", "geometry": {"type": "Point", "coordinates": [-64.3134571547505, -32.1167141223062]}, "properties": {"name": "Km 727.00"}}, {"type": "Feature", "geometry": {"type": "Point", "coordinates": [-64.3339471563193, -32.1068140778889]}, "properties": {"name": "Km 729.00"}}, {"type": "Feature", "geometry": {"type": "Point", "coordinates": [-64.3336808553179, -32.0865556317397]}, "properties": {"name": "Km 731.00"}}, {"type": "Feature", "geometry": {"type": "Point", "coordinates": [-64.3417435458949, -32.0693909384191]}, "properties": {"name": "Km 733.00"}}, {"type": "Feature", "geometry": {"type": "Point", "coordinates": [-64.3532309440054, -32.0355689686129]}, "properties": {"name": "Km 737.00"}}, {"type": "Feature", "geometry": {"type": "Point", "coordinates": [-64.351231290208, -31.9677377660739]}, "properties": {"name": "Km 747.00"}}, {"type": "Feature", "geometry": {"type": "Point", "coordinates": [-64.2835870682382, -32.2204354712172]}, "properties": {"name": "Km 709.00"}}, {"type": "Feature", "geometry": {"type": "Point", "coordinates": [-64.2835169979949, -32.2386890586788]}, "properties": {"name": "Km 707.00"}}, {"type": "Feature", "geometry": {"type": "Point", "coordinates": [-64.3953413512682, -32.5512741865629]}, "properties": {"name": "Km 667.00"}}, {"type": "Feature", "geometry": {"type": "Point", "coordinates": [-64.3982787075407, -32.5336660941172]}, "properties": {"name": "Km 669.00"}}, {"type": "Feature", "geometry": {"type": "Point", "coordinates": [-64.4004921044888, -32.5202748311456]}, "properties": {"name": "Km 671.00"}}, {"type": "Feature", "geometry": {"type": "Point", "coordinates": [-64.397738829123, -32.4989319320591]}, "properties": {"name": "Km 673.00"}}, {"type": "Feature", "geometry": {"type": "Point", "coordinates": [-64.3930095415473, -32.4822350020333]}, "properties": {"name": "Km 675.00"}}, {"type": "Feature", "geometry": {"type": "Point", "coordinates": [-64.3790464811, -32.4335099990725]}, "properties": {"name": "Km 681.00"}}, {"type": "Feature", "geometry": {"type": "Point", "coordinates": [-64.3740345009107, -32.4161305335083]}, "properties": {"name": "Km 683.00"}}, {"type": "Feature", "geometry": {"type": "Point", "coordinates": [-64.3691870416077, -32.3993220050184]}, "properties": {"name": "Km 685.00"}}, {"type": "Feature", "geometry": {"type": "Point", "coordinates": [-64.3616550061961, -32.3833082852085]}, "properties": {"name": "Km 687.00"}}, {"type": "Feature", "geometry": {"type": "Point", "coordinates": [-64.3462403831961, -32.3725655011117]}, "properties": {"name": "Km 689.00"}}, {"type": "Feature", "geometry": {"type": "Point", "coordinates": [-64.329645791693, -32.3625914400613]}, "properties": {"name": "Km 691.00"}}, {"type": "Feature", "geometry": {"type": "Point", "coordinates": [-64.2828653559336, -32.2921077396097]}, "properties": {"name": "Km 701.00"}}, {"type": "Feature", "geometry": {"type": "Point", "coordinates": [-64.2849592504809, -32.2741516241076]}, "properties": {"name": "Km 703.00"}}, {"type": "Feature", "geometry": {"type": "Point", "coordinates": [-64.2820149604774, -32.2564748540176]}, "properties": {"name": "Km 705.00"}}, {"type": "Feature", "geometry": {"type": "Point", "coordinates": [-64.3468376587177, -31.950116877884]}, "properties": {"name": "Km 749.00"}}, {"type": "Feature", "geometry": {"type": "Point", "coordinates": [-64.3463479305348, -31.9332092258323]}, "properties": {"name": "Km 751.00"}}, {"type": "Feature", "geometry": {"type": "Point", "coordinates": [-64.3460578560408, -31.9154996828441]}, "properties": {"name": "Km 753.00"}}, {"type": "Feature", "geometry": {"type": "Point", "coordinates": [-64.3349403562989, -31.9004019628415]}, "properties": {"name": "Km 755.00"}}, {"type": "Feature", "geometry": {"type": "Point", "coordinates": [-64.3243526713967, -31.8849888656231]}, "properties": {"name": "Km 757.00"}}, {"type": "Feature", "geometry": {"type": "Point", "coordinates": [-64.3176691616023, -31.8666845937216]}, "properties": {"name": "Km 759.00"}}, {"type": "Feature", "geometry": {"type": "Point", "coordinates": [-64.3124416270215, -31.8505840334505]}, "properties": {"name": "Km 761.00"}}, {"type": "Feature", "geometry": {"type": "Point", "coordinates": [-64.3072207782211, -31.8329231941952]}, "properties": {"name": "Km 763.00"}}, {"type": "Feature", "geometry": {"type": "Point", "coordinates": [-64.3052605709179, -31.7802317150449]}, "properties": {"name": "Km 769.00"}}, {"type": "Feature", "geometry": {"type": "Point", "coordinates": [-64.3051440631843, -31.7613818397827]}, "properties": {"name": "Km 771.00"}}, {"type": "Feature", "geometry": {"type": "Point", "coordinates": [-64.3018309789176, -31.7444192440658]}, "properties": {"name": "Km 773.00"}}, {"type": "Feature", "geometry": {"type": "Point", "coordinates": [-64.299088120219, -31.726710509863]}, "properties": {"name": "Km 775.00"}}, {"type": "Feature", "geometry": {"type": "Point", "coordinates": [-64.3020761677613, -31.7082818479683]}, "properties": {"name": "Km 777.00"}}, {"type": "Feature", "geometry": {"type": "Point", "coordinates": [-64.3058551686035, -31.6910889762331]}, "properties": {"name": "Km 779.00"}}, {"type": "Feature", "geometry": {"type": "Point", "coordinates": [-64.3098098203622, -31.6732920078268]}, "properties": {"name": "Km 781.00"}}, {"type": "Feature", "geometry": {"type": "Point", "coordinates": [-64.3164158477972, -31.6558602794379]}, "properties": {"name": "Km 783.00"}}, {"type": "Feature", "geometry": {"type": "Point", "coordinates": [-64.3930787547318, -32.5608959426205]}, "properties": {"name": "Km 666.00"}}, {"type": "Feature", "geometry": {"type": "Point", "coordinates": [-64.3914257974959, -32.5705547340903]}, "properties": {"name": "Km 665.00"}}, {"type": "Feature", "geometry": {"type": "Point", "coordinates": [-64.389940534006, -32.580182663574]}, "properties": {"name": "Km 664.00"}}, {"type": "Feature", "geometry": {"type": "Point", "coordinates": [-64.3856227335951, -32.6040752980584]}, "properties": {"name": "Km 661.00"}}, {"type": "Feature", "geometry": {"type": "Point", "coordinates": [-64.3653677615603, -32.9135978832576]}, "properties": {"name": "Km 625.00"}}, {"type": "Feature", "geometry": {"type": "Point", "coordinates": [-64.3587761581456, -32.9477589025929]}, "properties": {"name": "Km 621.00"}}, {"type": "Feature", "geometry": {"type": "Point", "coordinates": [-64.3401922663758, -33.0464386734802]}, "properties": {"name": "Km 610.00"}}, {"type": "Feature", "geometry": {"type": "Point", "coordinates": [-64.355403903803, -32.9646294143093]}, "properties": {"name": "Km 619.00"}}, {"type": "Feature", "geometry": {"type": "Point", "coordinates": [-64.356916198016, -32.9561303542697]}, "properties": {"name": "Km 620.00"}}, {"type": "Feature", "geometry": {"type": "Point", "coordinates": [-64.360202793728, -32.9391313352896]}, "properties": {"name": "Km 622.00"}}, {"type": "Feature", "geometry": {"type": "Point", "coordinates": [-64.3620659981412, -32.9300684693417]}, "properties": {"name": "Km 623.00"}}, {"type": "Feature", "geometry": {"type": "Point", "coordinates": [-64.3636679374383, -32.9219704427029]}, "properties": {"name": "Km 624.00"}}, {"type": "Feature", "geometry": {"type": "Point", "coordinates": [-64.3670917953049, -32.9045811847902]}, "properties": {"name": "Km 626.00"}}, {"type": "Feature", "geometry": {"type": "Point", "coordinates": [-64.3692925597966, -32.8940011969913]}, "properties": {"name": "Km 627.00"}}, {"type": "Feature", "geometry": {"type": "Point", "coordinates": [-64.3698508108866, -32.8871905458898]}, "properties": {"name": "Km 628.00"}}, {"type": "Feature", "geometry": {"type": "Point", "coordinates": [-64.3829072828062, -32.8696865846638]}, "properties": {"name": "Km 630.00"}}, {"type": "Feature", "geometry": {"type": "Point", "coordinates": [-64.3763851091577, -32.8580274342143]}, "properties": {"name": "Km 631.00"}}, {"type": "Feature", "geometry": {"type": "Point", "coordinates": [-64.3685143920981, -32.8499700541968]}, "properties": {"name": "Km 632.00"}}, {"type": "Feature", "geometry": {"type": "Point", "coordinates": [-64.3615252294247, -32.8422451373304]}, "properties": {"name": "Km 633.00"}}, {"type": "Feature", "geometry": {"type": "Point", "coordinates": [-64.3567990915988, -32.8350834382247]}, "properties": {"name": "Km 634.00"}}, {"type": "Feature", "geometry": {"type": "Point", "coordinates": [-64.3434203539317, -32.8319190527319]}, "properties": {"name": "Km 635.00"}}, {"type": "Feature", "geometry": {"type": "Point", "coordinates": [-64.3392628952988, -32.8142138976866]}, "properties": {"name": "Km 637.00"}}, {"type": "Feature", "geometry": {"type": "Point", "coordinates": [-64.337823731393, -32.8077238387173]}, "properties": {"name": "Km 638.00"}}, {"type": "Feature", "geometry": {"type": "Point", "coordinates": [-64.3454419749587, -32.7978808272003]}, "properties": {"name": "Km 639.00"}}, {"type": "Feature", "geometry": {"type": "Point", "coordinates": [-64.3448296160369, -32.7916652685119]}, "properties": {"name": "Km 640.00"}}, {"type": "Feature", "geometry": {"type": "Point", "coordinates": [-64.3462781563087, -32.7793380661976]}, "properties": {"name": "Km 641.00"}}, {"type": "Feature", "geometry": {"type": "Point", "coordinates": [-64.3537356981631, -32.7264237866945]}, "properties": {"name": "Km 647.00"}}, {"type": "Feature", "geometry": {"type": "Point", "coordinates": [-64.349268363031, -32.7067056447503]}, "properties": {"name": "Km 649.00"}}, {"type": "Feature", "geometry": {"type": "Point", "coordinates": [-64.3533649998359, -32.6924513899929]}, "properties": {"name": "Km 651.00"}}, {"type": "Feature", "geometry": {"type": "Point", "coordinates": [-64.3557721189494, -32.6835958184129]}, "properties": {"name": "Km 652.00"}}, {"type": "Feature", "geometry": {"type": "Point", "coordinates": [-64.3578533480621, -32.6749640234895]}, "properties": {"name": "Km 653.00"}}, {"type": "Feature", "geometry": {"type": "Point", "coordinates": [-64.3602569475659, -32.6661454399465]}, "properties": {"name": "Km 654.00"}}, {"type": "Feature", "geometry": {"type": "Point", "coordinates": [-64.3624051858523, -32.6573033052552]}, "properties": {"name": "Km 655.00"}}, {"type": "Feature", "geometry": {"type": "Point", "coordinates": [-64.3708955529884, -32.6413530368875]}, "properties": {"name": "Km 657.00"}}, {"type": "Feature", "geometry": {"type": "Point", "coordinates": [-64.3781390113627, -32.6300556390424]}, "properties": {"name": "Km 658.00"}}, {"type": "Feature", "geometry": {"type": "Point", "coordinates": [-64.2040768661847, -31.470142154806]}, "properties": {"name": "Km 807.00"}}, {"type": "Feature", "geometry": {"type": "Point", "coordinates": [-64.2026600039721, -31.4785903418047]}, "properties": {"name": "Km 806.00"}}, {"type": "Feature", "geometry": {"type": "Point", "coordinates": [-64.2053670327504, -31.4872507166673]}, "properties": {"name": "Km 805.00"}}, {"type": "Feature", "geometry": {"type": "Point", "coordinates": [-64.2108732145315, -31.4949325661244]}, "properties": {"name": "Km 804.00"}}, {"type": "Feature", "geometry": {"type": "Point", "coordinates": [-64.2167360213978, -31.5024028764296]}, "properties": {"name": "km 803.00"}}, {"type": "Feature", "geometry": {"type": "Point", "coordinates": [-64.2227674300449, -31.5096544525531]}, "properties": {"name": "km 802.00"}}, {"type": "Feature", "geometry": {"type": "Point", "coordinates": [-64.2274434011347, -31.5176798576503]}, "properties": {"name": "Km 801.00"}}, {"type": "Feature", "geometry": {"type": "Point", "coordinates": [-64.2329136137693, -31.5253840699706]}, "properties": {"name": "Km 800.00"}}, {"type": "Feature", "geometry": {"type": "Point", "coordinates": [-64.2374085646617, -31.5335245541152]}, "properties": {"name": "Km 799.00"}}, {"type": "Feature", "geometry": {"type": "Point", "coordinates": [-64.2415924479322, -31.5417992771959]}, "properties": {"name": "Km 798.00"}}, {"type": "Feature", "geometry": {"type": "Point", "coordinates": [-64.245775393034, -31.5500744635008]}, "properties": {"name": "Km 797.00"}}, {"type": "Feature", "geometry": {"type": "Point", "coordinates": [-64.2492712649306, -31.5585555649469]}, "properties": {"name": "Km 796.00"}}, {"type": "Feature", "geometry": {"type": "Point", "coordinates": [-64.2519220946087, -31.5672824692726]}, "properties": {"name": "Km 795.00"}}, {"type": "Feature", "geometry": {"type": "Point", "coordinates": [-64.2545969348869, -31.5760040301769]}, "properties": {"name": "Km 794.00"}}, {"type": "Feature", "geometry": {"type": "Point", "coordinates": [-64.2573899781903, -31.5846947559804]}, "properties": {"name": "Km 793.00"}}, {"type": "Feature", "geometry": {"type": "Point", "coordinates": [-64.2609838046462, -31.5931688997398]}, "properties": {"name": "Km 792.00"}}, {"type": "Feature", "geometry": {"type": "Point", "coordinates": [-64.2646827499544, -31.6016104957272]}, "properties": {"name": "Km 791.00"}}, {"type": "Feature", "geometry": {"type": "Point", "coordinates": [-64.2690799744397, -31.609768851086]}, "properties": {"name": "Km 790.00"}}, {"type": "Feature", "geometry": {"type": "Point", "coordinates": [-64.2743075107282, -31.6175979884087]}, "properties": {"name": "Km 789.00"}}, {"type": "Feature", "geometry": {"type": "Point", "coordinates": [-64.2820003795666, -31.6236324675724]}, "properties": {"name": "Km 788.00"}}, {"type": "Feature", "geometry": {"type": "Point", "coordinates": [-64.2904528447896, -31.6290177238732]}, "properties": {"name": "Km 787.00"}}, {"type": "Feature", "geometry": {"type": "Point", "coordinates": [-64.2985831064263, -31.6347159606096]}, "properties": {"name": "Km 786.00"}}, {"type": "Feature", "geometry": {"type": "Point", "coordinates": [-64.3057180660685, -31.6413525711347]}, "properties": {"name": "Km 785.00"}}, {"type": "Feature", "geometry": {"type": "Point", "coordinates": [-64.3121839922447, -31.6484520770739]}, "properties": {"name": "Km 784.00"}}, {"type": "Feature", "geometry": {"type": "Point", "coordinates": [-64.3001589521797, -33.0628448807619]}, "properties": {"name": "177.25 km"}}, {"type": "Feature", "geometry": {"type": "Point", "coordinates": [-64.300072804653, -33.0569855503264]}, "properties": {"name": "Ruta Nacional Nº36"}}, {"type": "Feature", "geometry": {"type": "Point", "coordinates": [-63.8439577484885, -31.3369516050385]}, "properties": {"name": "PARAJE"}}, {"type": "Feature", "geometry": {"type": "Point", "coordinates": [-63.8419689449423, -31.3416222823955]}, "properties": {"name": "KM 691"}}, {"type": "Feature", "geometry": {"type": "Point", "coordinates": [-64.2639322152486, -31.4337167970584]}, "properties": {"name": "Km 010"}}, {"type": "Feature", "geometry": {"type": "Point", "coordinates": [-64.2530299932457, -31.433073562338]}, "properties": {"name": "Km 009"}}, {"type": "Feature", "geometry": {"type": "Point", "coordinates": [-64.2797636916946, -31.4289108931428]}, "properties": {"name": "Km 001"}}, {"type": "Feature", "geometry": {"type": "Point", "coordinates": [-64.2953946242005, -31.4357360356671]}, "properties": {"name": "Km 013"}}, {"type": "Feature", "geometry": {"type": "Point", "coordinates": [-64.2849070358817, -31.4350638189659]}, "properties": {"name": "Km 012"}}, {"type": "Feature", "geometry": {"type": "Point", "coordinates": [-64.2744195660838, -31.4343907394088]}, "properties": {"name": "Km 011"}}, {"type": "Feature", "geometry": {"type": "Point", "coordinates": [-64.189439220197, -31.3545811160283]}, "properties": {"name": "Km 0"}}, {"type": "Feature", "geometry": {"type": "Point", "coordinates": [-64.423798198753, -31.4552341202999]}, "properties": {"name": "Km 000"}}, {"type": "Feature", "geometry": {"type": "Point", "coordinates": [-64.2257932528164, -31.468157826337]}, "properties": {"name": "Km 000"}}, {"type": "Feature", "geometry": {"type": "Point", "coordinates": [-64.3238057159084, -33.0788016762383]}, "properties": {"name": "RIO CUARTO"}}, {"type": "Feature", "geometry": {"type": "Point", "coordinates": [-64.3238285159616, -33.0742935948482]}, "properties": {"name": "Ciudad de"}}, {"type": "Feature", "geometry": {"type": "Point", "coordinates": [-64.3743264026849, -31.265240398559]}, "properties": {"name": "12.76 km"}}, {"type": "Feature", "geometry": {"type": "Point", "coordinates": [-64.3742414593047, -31.259379579485]}, "properties": {"name": "Ruta Intercomunal"}}, {"type": "Feature", "geometry": {"type": "Point", "coordinates": [-64.2924219636078, -31.1609312573965]}, "properties": {"name": "Ruta Provincial E53"}}, {"type": "Feature", "geometry": {"type": "Point", "coordinates": [-64.0850400502788, -31.0037630320987]}, "properties": {"name": "41.45 km"}}, {"type": "Feature", "geometry": {"type": "Point", "coordinates": [-64.0849682217187, -30.9979013850952]}, "properties": {"name": "Ruta Nacional Nº9"}}, {"type": "Feature", "geometry": {"type": "Point", "coordinates": [-64.3966747578521, -31.3422553699303]}, "properties": {"name": "32.62 km"}}, {"type": "Feature", "geometry": {"type": "Point", "coordinates": [-64.5292960154018, -31.3864965000737]}, "properties": {"name": "4.35 km"}}, {"type": "Feature", "geometry": {"type": "Point", "coordinates": [-64.5099360614721, -31.459361550193]}, "properties": {"name": "29.19 km"}}, {"type": "Feature", "geometry": {"type": "Point", "coordinates": [-64.3696663124683, -31.6833297246589]}, "properties": {"name": "9.10 km"}}, {"type": "Feature", "geometry": {"type": "Point", "coordinates": [-64.4127249530284, -31.577155879087]}, "properties": {"name": "27.88 km"}}, {"type": "Feature", "geometry": {"type": "Point", "coordinates": [-64.2303042554512, -31.626647809621]}, "properties": {"name": "23.55 km"}}, {"type": "Feature", "geometry": {"type": "Point", "coordinates": [-64.0298376936123, -31.6131405778057]}, "properties": {"name": "36.36 km"}}, {"type": "Feature", "geometry": {"type": "Point", "coordinates": [-63.7069053152989, -31.3365501277922]}, "properties": {"name": "51.70 km"}}, {"type": "Feature", "geometry": {"type": "Point", "coordinates": [-63.7294960400504, -31.3305614901078]}, "properties": {"name": "Ruta Nacional Nº19"}}, {"type": "Feature", "geometry": {"type": "Point", "coordinates": [-64.529201045011, -31.3806361949389]}, "properties": {"name": "Variante Costa Azul"}}, {"type": "Feature", "geometry": {"type": "Point", "coordinates": [-64.3965881720188, -31.3363946766805]}, "properties": {"name": "Ruta Provincial E55"}}, {"type": "Feature", "geometry": {"type": "Point", "coordinates": [-64.5098420249993, -31.4535012590263]}, "properties": {"name": "Ruta Nacional Nº20-38"}}, {"type": "Feature", "geometry": {"type": "Point", "coordinates": [-64.3695802602279, -31.6774692771456]}, "properties": {"name": "Ruta Prov. C45"}}, {"type": "Feature", "geometry": {"type": "Point", "coordinates": [-64.4126365631614, -31.5712954413706]}, "properties": {"name": "Ruta Provincial Nº5"}}, {"type": "Feature", "geometry": {"type": "Point", "coordinates": [-64.2302271282906, -31.6207869853993]}, "properties": {"name": "Ruta Nacional Nº36"}}, {"type": "Feature", "geometry": {"type": "Point", "coordinates": [-63.9141076930086, -31.5693995829378]}, "properties": {"name": "Autopista Córdoba - Pilar"}}, {"type": "Feature", "geometry": {"type": "Point", "coordinates": [-64.0457364721509, -31.6052272058042]}, "properties": {"name": "Ruta Nacional Nº9"}}, {"type": "Feature", "geometry": {"type": "Point", "coordinates": [-64.2765159419828, -31.2567135421262]}, "properties": {"name": "MENDIOLAZA"}}, {"type": "Feature", "geometry": {"type": "Point", "coordinates": [-64.2758152093606, -31.2517829428317]}, "properties": {"name": "TALAR DE"}}, {"type": "Feature", "geometry": {"type": "Point", "coordinates": [-64.3231348417882, -31.2454052221026]}, "properties": {"name": "UNQUILLO"}}, {"type": "Feature", "geometry": {"type": "Point", "coordinates": [-64.3251266911185, -31.2665342246294]}, "properties": {"name": "MENDIOLAZA"}}, {"type": "Feature", "geometry": {"type": "Point", "coordinates": [-64.3177959043035, -31.2987751847221]}, "properties": {"name": "VILLA ALLENDE"}}, {"type": "Feature", "geometry": {"type": "Point", "coordinates": [-64.3382398513045, -31.1803275401083]}, "properties": {"name": "RÍO CEBALLOS"}}, {"type": "Feature", "geometry": {"type": "Point", "coordinates": [-64.3160638786219, -31.2241651314384]}, "properties": {"name": "PAJAS BLANCAS"}}, {"type": "Feature", "geometry": {"type": "Point", "coordinates": [-64.1646135729046, -31.2571928059568]}, "properties": {"name": "JUAREZ CELMAN"}}, {"type": "Feature", "geometry": {"type": "Point", "coordinates": [-64.1667944269805, -31.2769460915667]}, "properties": {"name": "LOS LLANOS"}}, {"type": "Feature", "geometry": {"type": "Point", "coordinates": [-64.1881118814249, -31.3456489797044]}, "properties": {"name": "Km 1"}}, {"type": "Feature", "geometry": {"type": "Point", "coordinates": [-64.1881042793354, -31.3276547599198]}, "properties": {"name": "Km 3"}}, {"type": "Feature", "geometry": {"type": "Point", "coordinates": [-64.1727077026537, -31.2399814838704]}, "properties": {"name": "Km 14"}}, {"type": "Feature", "geometry": {"type": "Point", "coordinates": [-64.1728795722582, -31.2313802216788]}, "properties": {"name": "Km 14.75"}}, {"type": "Feature", "geometry": {"type": "Point", "coordinates": [-64.1635780892299, -31.2420332813649]}, "properties": {"name": "Km 723.00"}}, {"type": "Feature", "geometry": {"type": "Point", "coordinates": [-64.1667633949799, -31.2598459787416]}, "properties": {"name": "Km 721.00"}}, {"type": "Feature", "geometry": {"type": "Point", "coordinates": [-64.1688110976208, -31.2686746574265]}, "properties": {"name": "Km 720.00"}}, {"type": "Feature", "geometry": {"type": "Point", "coordinates": [-64.1705425660778, -31.2775690163971]}, "properties": {"name": "Km 719.00"}}, {"type": "Feature", "geometry": {"type": "Point", "coordinates": [-64.1722670869649, -31.2864643661045]}, "properties": {"name": "Km 718.00"}}, {"type": "Feature", "geometry": {"type": "Point", "coordinates": [-64.1739902686781, -31.2953599262255]}, "properties": {"name": "Km 717.00"}}, {"type": "Feature", "geometry": {"type": "Point", "coordinates": [-64.1755555007588, -31.3042665360927]}, "properties": {"name": "Km 716.00"}}, {"type": "Feature", "geometry": {"type": "Point", "coordinates": [-64.1759943751768, -31.3132195932371]}, "properties": {"name": "Km 715.00"}}, {"type": "Feature", "geometry": {"type": "Point", "coordinates": [-64.1758587547142, -31.3222339600168]}, "properties": {"name": "Km 714.00"}}, {"type": "Feature", "geometry": {"type": "Point", "coordinates": [-64.175786825938, -31.331251481753]}, "properties": {"name": "Km 713.00"}}, {"type": "Feature", "geometry": {"type": "Point", "coordinates": [-64.1761374084332, -31.3402032004939]}, "properties": {"name": "Km 712.00"}}, {"type": "Feature", "geometry": {"type": "Point", "coordinates": [-64.1761505328612, -31.3492209103568]}, "properties": {"name": "Km 711.00"}}, {"type": "Feature", "geometry": {"type": "Point", "coordinates": [-64.3020784546336, -31.2529867054013]}, "properties": {"name": "Km 12"}}, {"type": "Feature", "geometry": {"type": "Point", "coordinates": [-64.3008684870075, -31.2605594071367]}, "properties": {"name": "Km 11"}}, {"type": "Feature", "geometry": {"type": "Point", "coordinates": [-64.3019671820769, -31.2689836931705]}, "properties": {"name": "Km 10"}}, {"type": "Feature", "geometry": {"type": "Point", "coordinates": [-64.3014287677851, -31.2778012772787]}, "properties": {"name": "Km 9"}}, {"type": "Feature", "geometry": {"type": "Point", "coordinates": [-64.2955354692808, -31.2846595607922]}, "properties": {"name": "Km 8"}}, {"type": "Feature", "geometry": {"type": "Point", "coordinates": [-64.2913264741336, -31.2927988944903]}, "properties": {"name": "Km 7"}}, {"type": "Feature", "geometry": {"type": "Point", "coordinates": [-64.2855824438138, -31.2999480876224]}, "properties": {"name": "Km 6"}}, {"type": "Feature", "geometry": {"type": "Point", "coordinates": [-64.2751411200969, -31.3007726922651]}, "properties": {"name": "Km 5"}}, {"type": "Feature", "geometry": {"type": "Point", "coordinates": [-64.2646686026956, -31.301447495819]}, "properties": {"name": "Km 4"}}, {"type": "Feature", "geometry": {"type": "Point", "coordinates": [-64.2541959052479, -31.3021214490439]}, "properties": {"name": "Km 3"}}, {"type": "Feature", "geometry": {"type": "Point", "coordinates": [-64.2437230281907, -31.302794551867]}, "properties": {"name": "Km 2"}}, {"type": "Feature", "geometry": {"type": "Point", "coordinates": [-64.2332499719608, -31.3034668042161]}, "properties": {"name": "Km 1"}}, {"type": "Feature", "geometry": {"type": "Point", "coordinates": [-64.2218084556345, -31.3023144683525]}, "properties": {"name": "5.389Km Int Padre Luchesse y E53"}}, {"type": "Feature", "geometry": {"type": "Point", "coordinates": [-64.296368875685, -31.1801500294169]}, "properties": {"name": "Km21.0"}}, {"type": "Feature", "geometry": {"type": "Point", "coordinates": [-64.2869933970864, -31.1962457434879]}, "properties": {"name": "Km19.0"}}, {"type": "Feature", "geometry": {"type": "Point", "coordinates": [-64.1834722218459, -31.1871329189289]}, "properties": {"name": "Peaje R N 9Norte          km 728.77"}}, {"type": "Feature", "geometry": {"type": "Point", "coordinates": [-64.1254094458895, -30.9845672814035]}, "properties": {"name": "JESÚS MARÍA"}}, {"type": "Feature", "geometry": {"type": "Point", "coordinates": [-64.1049883128245, -31.0082194156593]}, "properties": {"name": "COLONIA CAROYA"}}, {"type": "Feature", "geometry": {"type": "Point", "coordinates": [-64.166456851152, -31.1306626802889]}, "properties": {"name": "GENERAL PAZ"}}, {"type": "Feature", "geometry": {"type": "Point", "coordinates": [-64.1246459461368, -31.0556935252886]}, "properties": {"name": "Km 744.00"}}, {"type": "Feature", "geometry": {"type": "Point", "coordinates": [-64.1291523507746, -31.073307846856]}, "properties": {"name": "Km 742.00"}}, {"type": "Feature", "geometry": {"type": "Point", "coordinates": [-64.1370607416034, -31.1087219581397]}, "properties": {"name": "Km 738.00"}}, {"type": "Feature", "geometry": {"type": "Point", "coordinates": [-64.1405732546115, -31.1265032181506]}, "properties": {"name": "Km 736.00"}}, {"type": "Feature", "geometry": {"type": "Point", "coordinates": [-64.1421551063088, -31.1354097084053]}, "properties": {"name": "Km 735.00"}}, {"type": "Feature", "geometry": {"type": "Point", "coordinates": [-64.1553447434265, -31.1439746489032]}, "properties": {"name": "Km 734.00"}}, {"type": "Feature", "geometry": {"type": "Point", "coordinates": [-64.1458589551987, -31.1531492200779]}, "properties": {"name": "Km 733.00"}}, {"type": "Feature", "geometry": {"type": "Point", "coordinates": [-64.1476317738716, -31.1620374545764]}, "properties": {"name": "Km 732.00"}}, {"type": "Feature", "geometry": {"type": "Point", "coordinates": [-64.1494049503336, -31.1709256445229]}, "properties": {"name": "Km 731.00"}}, {"type": "Feature", "geometry": {"type": "Point", "coordinates": [-64.154726595155, -31.1975908879739]}, "properties": {"name": "Km 728.00"}}, {"type": "Feature", "geometry": {"type": "Point", "coordinates": [-64.1600454884296, -31.2242547382304]}, "properties": {"name": "Km 725.00"}}, {"type": "Feature", "geometry": {"type": "Point", "coordinates": [-64.4563559293664, -31.3186397189762]}, "properties": {"name": "kM 032"}}, {"type": "Feature", "geometry": {"type": "Point", "coordinates": [-64.4346670834357, -31.3734012791742]}, "properties": {"name": "kM 024"}}, {"type": "Feature", "geometry": {"type": "Point", "coordinates": [-64.4582643949896, -31.3709216727492]}, "properties": {"name": "kM 026"}}, {"type": "Feature", "geometry": {"type": "Point", "coordinates": [-64.4618707362394, -31.3441545176295]}, "properties": {"name": "kM 029"}}, {"type": "Feature", "geometry": {"type": "Point", "coordinates": [-64.2700350835768, -31.3940865932464]}, "properties": {"name": "Km 000"}}, {"type": "Feature", "geometry": {"type": "Point", "coordinates": [-64.2848566735429, -31.381802336767]}, "properties": {"name": "Km 002"}}, {"type": "Feature", "geometry": {"type": "Point", "coordinates": [-64.2924123518763, -31.3755339263902]}, "properties": {"name": "Km 003"}}, {"type": "Feature", "geometry": {"type": "Point", "coordinates": [-64.3002741932403, -31.3696193308077]}, "properties": {"name": "Km 004"}}, {"type": "Feature", "geometry": {"type": "Point", "coordinates": [-64.3082261746207, -31.3641576829276]}, "properties": {"name": "Km 005"}}, {"type": "Feature", "geometry": {"type": "Point", "coordinates": [-64.3319952454947, -31.3505708517571]}, "properties": {"name": "Km 7.775"}}, {"type": "Feature", "geometry": {"type": "Point", "coordinates": [-64.3342029457151, -31.3504255963086]}, "properties": {"name": "Km 008"}}, {"type": "Feature", "geometry": {"type": "Point", "coordinates": [-64.4235306443036, -31.3575171345796]}, "properties": {"name": "Km 019"}}, {"type": "Feature", "geometry": {"type": "Point", "coordinates": [-64.4174975242445, -31.3635659308423]}, "properties": {"name": "Km 020"}}, {"type": "Feature", "geometry": {"type": "Point", "coordinates": [-64.4211668418191, -31.3680543447794]}, "properties": {"name": "Km 021"}}, {"type": "Feature", "geometry": {"type": "Point", "coordinates": [-64.4264815789413, -31.3621677159301]}, "properties": {"name": "Km 022"}}, {"type": "Feature", "geometry": {"type": "Point", "coordinates": [-64.4280679717801, -31.3698313894665]}, "properties": {"name": "Km 023"}}, {"type": "Feature", "geometry": {"type": "Point", "coordinates": [-64.4318781999067, -31.3736309900659]}, "properties": {"name": "Km 023.625"}}, {"type": "Feature", "geometry": {"type": "Point", "coordinates": [-63.9869886836437, -31.5559607455221]}, "properties": {"name": "Peaje APC            679.32 km"}}, {"type": "Feature", "geometry": {"type": "Point", "coordinates": [-64.22225182635, -31.5213147529013]}, "properties": {"name": "Peaje RN 36 - Km 800.74"}}, {"type": "Feature", "geometry": {"type": "Point", "coordinates": [-64.3048529046236, -31.5422335249222]}, "properties": {"name": "Peaje R P 5 - Km 11.24"}}, {"type": "Feature", "geometry": {"type": "Point", "coordinates": [-64.3121337240749, -31.4667557444454]}, "properties": {"name": "Peaje R N 20/38 - 14.61km"}}, {"type": "Feature", "geometry": {"type": "Point", "coordinates": [-64.0110469422388, -31.5837644094101]}, "properties": {"name": "Peaje R N 9       677.50km"}}, {"type": "Feature", "geometry": {"type": "Point", "coordinates": [-64.3170636334516, -31.3854968146422]}, "properties": {"name": "Peaje R Prov E55        km 3.90"}}, {"type": "Feature", "geometry": {"type": "Point", "coordinates": [-63.8934955067285, -31.6802793583527]}, "properties": {"name": "PILAR"}}, {"type": "Feature", "geometry": {"type": "Point", "coordinates": [-63.9347045729256, -31.6489531194126]}, "properties": {"name": "RÍO SEGUNDO"}}, {"type": "Feature", "geometry": {"type": "Point", "coordinates": [-64.0275180462696, -31.5589032796853]}, "properties": {"name": "TOLEDO"}}, {"type": "Feature", "geometry": {"type": "Point", "coordinates": [-64.4351053668705, -31.6540894986243]}, "properties": {"name": "ALTA GRACIA"}}, {"type": "Feature", "geometry": {"type": "Point", "coordinates": [-64.4202365803449, -31.6192047462486]}, "properties": {"name": "VILLA EL PRADO"}}, {"type": "Feature", "geometry": {"type": "Point", "coordinates": [-64.3504879256845, -31.5905623992083]}, "properties": {"name": "VILLA PARQUE SANTA ANA"}}, {"type": "Feature", "geometry": {"type": "Point", "coordinates": [-64.2816857010454, -31.527295827135]}, "properties": {"name": "COMUNA LOS CEDROS"}}, {"type": "Feature", "geometry": {"type": "Point", "coordinates": [-64.3701224007686, -31.4539326529488]}, "properties": {"name": "YOCSINA"}}, {"type": "Feature", "geometry": {"type": "Point", "coordinates": [-64.3409820230687, -31.4552837955905]}, "properties": {"name": "MALAGUEÑO"}}, {"type": "Feature", "geometry": {"type": "Point", "coordinates": [-64.4879017584199, -31.44210938672]}, "properties": {"name": "VILLA MARIANO MORENO"}}, {"type": "Feature", "geometry": {"type": "Point", "coordinates": [-64.5044999798762, -31.4000101146864]}, "properties": {"name": "CARLOS PAZ"}}, {"type": "Feature", "geometry": {"type": "Point", "coordinates": [-64.4857617137491, -31.4377390027497]}, "properties": {"name": "VILLA SAN NICOLÁS"}}, {"type": "Feature", "geometry": {"type": "Point", "coordinates": [-64.4738920340424, -31.3133658619083]}, "properties": {"name": "BIALLET  MASSE"}}, {"type": "Feature", "geometry": {"type": "Point", "coordinates": [-64.4598374118944, -31.3482796698299]}, "properties": {"name": "COMUNA SAN ROQUE"}}, {"type": "Feature", "geometry": {"type": "Point", "coordinates": [-64.3487936153, -31.3531593258392]}, "properties": {"name": "LA CALERA"}}, {"type": "Feature", "geometry": {"type": "Point", "coordinates": [-63.95995157301, -31.3380072413629]}, "properties": {"name": "MONTECRISTO"}}, {"type": "Feature", "geometry": {"type": "Point", "coordinates": [-63.7745629494673, -31.2902918829487]}, "properties": {"name": "Vte. PIQUILLÍN"}}, {"type": "Feature", "geometry": {"type": "Point", "coordinates": [-63.619121563064, -31.321137021634]}, "properties": {"name": "RÍO PRIMERO"}}, {"type": "Feature", "geometry": {"type": "Point", "coordinates": [-64.3541133440228, -31.6567092603888]}, "properties": {"name": "Km 031"}}, {"type": "Feature", "geometry": {"type": "Point", "coordinates": [-64.3448587291959, -31.6525888932038]}, "properties": {"name": "Km 032"}}, {"type": "Feature", "geometry": {"type": "Point", "coordinates": [-64.3343234474856, -31.6523274264251]}, "properties": {"name": "Km 033"}}, {"type": "Feature", "geometry": {"type": "Point", "coordinates": [-64.3237840180638, -31.6521839089461]}, "properties": {"name": "Km 034"}}, {"type": "Feature", "geometry": {"type": "Point", "coordinates": [-64.3854130997752, -31.6582025950035]}, "properties": {"name": "Km 028"}}, {"type": "Feature", "geometry": {"type": "Point", "coordinates": [-64.374871768253, -31.6581392461979]}, "properties": {"name": "Km 029"}}, {"type": "Feature", "geometry": {"type": "Point", "coordinates": [-64.3643304172571, -31.6580750259396]}, "properties": {"name": "Km 030"}}, {"type": "Feature", "geometry": {"type": "Point", "coordinates": [-64.3959544113675, -31.6582650723556]}, "properties": {"name": "Km 027"}}, {"type": "Feature", "geometry": {"type": "Point", "coordinates": [-64.4064957025733, -31.6583266782534]}, "properties": {"name": "Km 026"}}, {"type": "Feature", "geometry": {"type": "Point", "coordinates": [-64.2519043869002, -31.3728710524926]}, "properties": {"name": "Km 008"}}, {"type": "Feature", "geometry": {"type": "Point", "coordinates": [-64.2577331973282, -31.3803116072607]}, "properties": {"name": "Km 007"}}, {"type": "Feature", "geometry": {"type": "Point", "coordinates": [-64.2626761732381, -31.3882690109726]}, "properties": {"name": "Km 006"}}, {"type": "Feature", "geometry": {"type": "Point", "coordinates": [-64.2671363304308, -31.3964110519468]}, "properties": {"name": "Km 005"}}, {"type": "Feature", "geometry": {"type": "Point", "coordinates": [-64.2695287157375, -31.405037277217]}, "properties": {"name": "Km 004"}}, {"type": "Feature", "geometry": {"type": "Point", "coordinates": [-64.2730476420141, -31.4220843065053]}, "properties": {"name": "Km 002"}}, {"type": "Feature", "geometry": {"type": "Point", "coordinates": [-64.1257065330935, -31.3979442874242]}, "properties": {"name": "km 332000"}}, {"type": "Feature", "geometry": {"type": "Point", "coordinates": [-64.1152383786182, -31.3971109898455]}, "properties": {"name": "km 331000"}}, {"type": "Feature", "geometry": {"type": "Point", "coordinates": [-64.0951847645381, -31.3938548688555]}, "properties": {"name": "km 329000"}}, {"type": "Feature", "geometry": {"type": "Point", "coordinates": [-64.0752135556844, -31.3882167467713]}, "properties": {"name": "km 327000"}}, {"type": "Feature", "geometry": {"type": "Point", "coordinates": [-64.0652273868821, -31.3854002157984]}, "properties": {"name": "km 326000"}}, {"type": "Feature", "geometry": {"type": "Point", "coordinates": [-64.0552426576016, -31.3825806511292]}, "properties": {"name": "km 325000"}}, {"type": "Feature", "geometry": {"type": "Point", "coordinates": [-64.0152995047932, -31.3713204808301]}, "properties": {"name": "km 321000"}}, {"type": "Feature", "geometry": {"type": "Point", "coordinates": [-64.0053141944421, -31.3685059588933]}, "properties": {"name": "km 320000"}}, {"type": "Feature", "geometry": {"type": "Point", "coordinates": [-63.9953294594962, -31.3656906457382]}, "properties": {"name": "km 319000"}}, {"type": "Feature", "geometry": {"type": "Point", "coordinates": [-63.9853453002203, -31.3628745416176]}, "properties": {"name": "km 318000"}}, {"type": "Feature", "geometry": {"type": "Point", "coordinates": [-63.9753617168794, -31.3600576467847]}, "properties": {"name": "km 317000"}}, {"type": "Feature", "geometry": {"type": "Point", "coordinates": [-63.9590323058776, -31.3461392629426]}, "properties": {"name": "km 315000"}}, {"type": "Feature", "geometry": {"type": "Point", "coordinates": [-63.9455718907035, -31.3511430530407]}, "properties": {"name": "km 314000"}}, {"type": "Feature", "geometry": {"type": "Point", "coordinates": [-63.9387346034753, -31.3447668695509]}, "properties": {"name": "km 313000"}}, {"type": "Feature", "geometry": {"type": "Point", "coordinates": [-63.9290775675321, -31.3422943240421]}, "properties": {"name": "km 312000"}}, {"type": "Feature", "geometry": {"type": "Point", "coordinates": [-63.9186674125778, -31.3397589424474]}, "properties": {"name": "km 311000"}}, {"type": "Feature", "geometry": {"type": "Point", "coordinates": [-63.9117836502902, -31.3278479390989]}, "properties": {"name": "km 310000"}}, {"type": "Feature", "geometry": {"type": "Point", "coordinates": [-63.8989041100419, -31.3336924470131]}, "properties": {"name": "km 309000"}}, {"type": "Feature", "geometry": {"type": "Point", "coordinates": [-63.8887727422585, -31.331304436769]}, "properties": {"name": "km 308000"}}, {"type": "Feature", "geometry": {"type": "Point", "coordinates": [-63.8786413122562, -31.328917339939]}, "properties": {"name": "km 307000"}}, {"type": "Feature", "geometry": {"type": "Point", "coordinates": [-63.8685119031511, -31.3265246814005]}, "properties": {"name": "km 306000"}}, {"type": "Feature", "geometry": {"type": "Point", "coordinates": [-63.6338959258634, -31.3263901704511]}, "properties": {"name": "km 282000"}}, {"type": "Feature", "geometry": {"type": "Point", "coordinates": [-63.624558188963, -31.33098464358]}, "properties": {"name": "km 281000"}}, {"type": "Feature", "geometry": {"type": "Point", "coordinates": [-64.5031301787529, -31.4129486730426]}, "properties": {"name": "Km 012"}}, {"type": "Feature", "geometry": {"type": "Point", "coordinates": [-64.4953315401714, -31.4159167974307]}, "properties": {"name": "Km 011"}}, {"type": "Feature", "geometry": {"type": "Point", "coordinates": [-64.4859884790563, -31.4133445298577]}, "properties": {"name": "Km 010"}}, {"type": "Feature", "geometry": {"type": "Point", "coordinates": [-64.4777735720736, -31.4077177336487]}, "properties": {"name": "Km 009"}}, {"type": "Feature", "geometry": {"type": "Point", "coordinates": [-64.4695730670831, -31.4020784278324]}, "properties": {"name": "Km 008"}}, {"type": "Feature", "geometry": {"type": "Point", "coordinates": [-64.4613873132712, -31.4042601779008]}, "properties": {"name": "Km 007"}}, {"type": "Feature", "geometry": {"type": "Point", "coordinates": [-64.4543323646455, -31.4108918046301]}, "properties": {"name": "Km 006"}}, {"type": "Feature", "geometry": {"type": "Point", "coordinates": [-64.4490672576507, -31.4185098672409]}, "properties": {"name": "Km 005"}}, {"type": "Feature", "geometry": {"type": "Point", "coordinates": [-64.4487058245219, -31.4274987545151]}, "properties": {"name": "Km 004"}}, {"type": "Feature", "geometry": {"type": "Point", "coordinates": [-64.4447595935736, -31.4357610866424]}, "properties": {"name": "Km 003"}}, {"type": "Feature", "geometry": {"type": "Point", "coordinates": [-64.4377996778318, -31.4425030161483]}, "properties": {"name": "Km 002"}}, {"type": "Feature", "geometry": {"type": "Point", "coordinates": [-64.4307563996621, -31.4491036086063]}, "properties": {"name": "Km 001"}}, {"type": "Feature", "geometry": {"type": "Point", "coordinates": [-64.4149026967438, -31.4576504475222]}, "properties": {"name": "Km 025"}}, {"type": "Feature", "geometry": {"type": "Point", "coordinates": [-64.4046067164546, -31.4587812120528]}, "properties": {"name": "Km 024"}}, {"type": "Feature", "geometry": {"type": "Point", "coordinates": [-64.3953711882403, -31.4546951521555]}, "properties": {"name": "Km 023"}}, {"type": "Feature", "geometry": {"type": "Point", "coordinates": [-64.3865593554871, -31.4498142687122]}, "properties": {"name": "Km 022"}}, {"type": "Feature", "geometry": {"type": "Point", "coordinates": [-64.3779682221697, -31.4446154759207]}, "properties": {"name": "Km 021"}}, {"type": "Feature", "geometry": {"type": "Point", "coordinates": [-64.3688051397927, -31.4404606213899]}, "properties": {"name": "Km 020"}}, {"type": "Feature", "geometry": {"type": "Point", "coordinates": [-64.3583223850116, -31.4397539045545]}, "properties": {"name": "Km 019"}}, {"type": "Feature", "geometry": {"type": "Point", "coordinates": [-64.3478343281342, -31.4390841741557]}, "properties": {"name": "Km 018"}}, {"type": "Feature", "geometry": {"type": "Point", "coordinates": [-64.3373461538426, -31.4384162726672]}, "properties": {"name": "Km 017"}}, {"type": "Feature", "geometry": {"type": "Point", "coordinates": [-64.3268580958612, -31.4377475080122]}, "properties": {"name": "Km 016"}}, {"type": "Feature", "geometry": {"type": "Point", "coordinates": [-64.3163701546323, -31.4370778802525]}, "properties": {"name": "Km 015"}}, {"type": "Feature", "geometry": {"type": "Point", "coordinates": [-64.4081447196037, -31.6504339864026]}, "properties": {"name": "Km 027"}}, {"type": "Feature", "geometry": {"type": "Point", "coordinates": [-64.4059945355531, -31.6416630376987]}, "properties": {"name": "Km 026"}}, {"type": "Feature", "geometry": {"type": "Point", "coordinates": [-64.4006410076673, -31.6339507346447]}, "properties": {"name": "Km 025"}}, {"type": "Feature", "geometry": {"type": "Point", "coordinates": [-64.3943723860896, -31.6267029694263]}, "properties": {"name": "Km 024"}}, {"type": "Feature", "geometry": {"type": "Point", "coordinates": [-64.387934292186, -31.6195655188848]}, "properties": {"name": "Km 023"}}, {"type": "Feature", "geometry": {"type": "Point", "coordinates": [-64.3813199526958, -31.6125475655978]}, "properties": {"name": "Km 022"}}, {"type": "Feature", "geometry": {"type": "Point", "coordinates": [-64.3738071241993, -31.6062520409805]}, "properties": {"name": "Km 021"}}, {"type": "Feature", "geometry": {"type": "Point", "coordinates": [-64.3658513056296, -31.6003410334792]}, "properties": {"name": "Km 020"}}, {"type": "Feature", "geometry": {"type": "Point", "coordinates": [-64.3592713431016, -31.5934006351899]}, "properties": {"name": "Km 019"}}, {"type": "Feature", "geometry": {"type": "Point", "coordinates": [-64.3539557713273, -31.5856508174116]}, "properties": {"name": "Km 018"}}, {"type": "Feature", "geometry": {"type": "Point", "coordinates": [-64.3472373546916, -31.5789575077079]}, "properties": {"name": "Km 017"}}, {"type": "Feature", "geometry": {"type": "Point", "coordinates": [-64.338943325267, -31.5734716208148]}, "properties": {"name": "Km 016"}}, {"type": "Feature", "geometry": {"type": "Point", "coordinates": [-64.3317968682505, -31.5668996805815]}, "properties": {"name": "Km 015"}}, {"type": "Feature", "geometry": {"type": "Point", "coordinates": [-64.3252821686975, -31.5598846811517]}, "properties": {"name": "Km 014"}}, {"type": "Feature", "geometry": {"type": "Point", "coordinates": [-64.3186023076469, -31.552926152465]}, "properties": {"name": "Km 013"}}, {"type": "Feature", "geometry": {"type": "Point", "coordinates": [-64.3120041584376, -31.5459006659178]}, "properties": {"name": "Km 012"}}, {"type": "Feature", "geometry": {"type": "Point", "coordinates": [-64.3041565311143, -31.5400196094604]}, "properties": {"name": "Km 011"}}, {"type": "Feature", "geometry": {"type": "Point", "coordinates": [-64.2953753662621, -31.5350450465494]}, "properties": {"name": "Km 010"}}, {"type": "Feature", "geometry": {"type": "Point", "coordinates": [-64.2885724519722, -31.5285283730169]}, "properties": {"name": "Km 009"}}, {"type": "Feature", "geometry": {"type": "Point", "coordinates": [-64.28273469823, -31.5211466029321]}, "properties": {"name": "Km 008"}}, {"type": "Feature", "geometry": {"type": "Point", "coordinates": [-64.2757576705114, -31.514394916682]}, "properties": {"name": "Km 007"}}, {"type": "Feature", "geometry": {"type": "Point", "coordinates": [-64.2687827717117, -31.507641854851]}, "properties": {"name": "Km 006"}}, {"type": "Feature", "geometry": {"type": "Point", "coordinates": [-64.2611501839176, -31.5014481218769]}, "properties": {"name": "Km 005"}}, {"type": "Feature", "geometry": {"type": "Point", "coordinates": [-64.2547115416915, -31.4943225528315]}, "properties": {"name": "Km 004"}}, {"type": "Feature", "geometry": {"type": "Point", "coordinates": [-64.2478133245602, -31.4875129581881]}, "properties": {"name": "Km 003"}}, {"type": "Feature", "geometry": {"type": "Point", "coordinates": [-64.2408274175945, -31.4807757006071]}, "properties": {"name": "Km 002"}}, {"type": "Feature", "geometry": {"type": "Point", "coordinates": [-64.2332545651831, -31.4745153891498]}, "properties": {"name": "Km 001"}}, {"type": "Feature", "geometry": {"type": "Point", "coordinates": [-63.883765149503, -31.6765116241242]}, "properties": {"name": "Km 661.00"}}, {"type": "Feature", "geometry": {"type": "Point", "coordinates": [-63.8424854242431, -31.6648796130042]}, "properties": {"name": "Km 661"}}, {"type": "Feature", "geometry": {"type": "Point", "coordinates": [-63.8748425188942, -31.627838913232]}, "properties": {"name": "Km 666"}}, {"type": "Feature", "geometry": {"type": "Point", "coordinates": [-64.0120265356438, -31.5521449424195]}, "properties": {"name": "Km 680.00"}}, {"type": "Feature", "geometry": {"type": "Point", "coordinates": [-63.922230627755, -31.6405322626264]}, "properties": {"name": "Km 667.00"}}, {"type": "Feature", "geometry": {"type": "Point", "coordinates": [-63.8774387129085, -31.6837322930776]}, "properties": {"name": "Km 660.00"}}, {"type": "Feature", "geometry": {"type": "Point", "coordinates": [-63.7370737874814, -31.2954493488118]}, "properties": {"name": "km 293000"}}, {"type": "Feature", "geometry": {"type": "Point", "coordinates": [-63.7574142040807, -31.2997191404147]}, "properties": {"name": "km 295000"}}, {"type": "Feature", "geometry": {"type": "Point", "coordinates": [-63.7672320802617, -31.3025913793884]}, "properties": {"name": "km 296000"}}, {"type": "Feature", "geometry": {"type": "Point", "coordinates": [-63.7773579512913, -31.3049877384219]}, "properties": {"name": "km 297000"}}, {"type": "Feature", "geometry": {"type": "Point", "coordinates": [-63.7874843088357, -31.3073833288867]}, "properties": {"name": "km 298000"}}, {"type": "Feature", "geometry": {"type": "Point", "coordinates": [-63.7976109211834, -31.3097788451085]}, "properties": {"name": "km 299000"}}, {"type": "Feature", "geometry": {"type": "Point", "coordinates": [-63.8279940918703, -31.3169594510777]}, "properties": {"name": "km 302000"}}, {"type": "Feature", "geometry": {"type": "Point", "coordinates": [-63.6150409723495, -31.3348496903891]}, "properties": {"name": "km 280.00"}}, {"type": "Feature", "geometry": {"type": "Point", "coordinates": [-63.7270030060877, -31.2929272082962]}, "properties": {"name": "km 292000"}}, {"type": "Feature", "geometry": {"type": "Point", "coordinates": [-63.7168410346702, -31.2906511148764]}, "properties": {"name": "km 291000"}}, {"type": "Feature", "geometry": {"type": "Point", "coordinates": [-63.7066259061929, -31.2905342858703]}, "properties": {"name": "km 290000"}}, {"type": "Feature", "geometry": {"type": "Point", "coordinates": [-63.6975028314796, -31.2950002549503]}, "properties": {"name": "km 289000"}}, {"type": "Feature", "geometry": {"type": "Point", "coordinates": [-63.688221308626, -31.2991592323861]}, "properties": {"name": "km 288000"}}, {"type": "Feature", "geometry": {"type": "Point", "coordinates": [-63.6793899039236, -31.3034089870025]}, "properties": {"name": "km 287000"}}, {"type": "Feature", "geometry": {"type": "Point", "coordinates": [-63.6701233343796, -31.3082885945406]}, "properties": {"name": "km 286000"}}, {"type": "Feature", "geometry": {"type": "Point", "coordinates": [-63.6610179870452, -31.3127855606185]}, "properties": {"name": "km 285000"}}, {"type": "Feature", "geometry": {"type": "Point", "coordinates": [-63.6519593939635, -31.3173530326507]}, "properties": {"name": "km 284000"}}, {"type": "Feature", "geometry": {"type": "Point", "coordinates": [-63.6429515317724, -31.3219334598381]}, "properties": {"name": "km 283000"}}, {"type": "Feature", "geometry": {"type": "Point", "coordinates": [-64.0547019530301, -31.386892509502]}, "properties": {"name": "MALVINAS"}}, {"type": "Feature", "geometry": {"type": "Point", "coordinates": [-64.0547954923594, -31.3916333988718]}, "properties": {"name": "ARGENTINAS"}}, {"type": "Feature", "geometry": {"type": "Point", "coordinates": [-64.1100161802019, -31.4284874066884]}, "properties": {"name": "km 012"}}, {"type": "Feature", "geometry": {"type": "Point", "coordinates": [-64.1106495409665, -31.4198945632514]}, "properties": {"name": "km 011"}}, {"type": "Feature", "geometry": {"type": "Point", "coordinates": [-64.1178878366353, -31.4134729734086]}, "properties": {"name": "km 010"}}, {"type": "Feature", "geometry": {"type": "Point", "coordinates": [-64.1277857303367, -31.3978086733743]}, "properties": {"name": "km 08"}}, {"type": "Feature", "geometry": {"type": "Point", "coordinates": [-64.1556806076106, -31.4651893581075]}, "properties": {"name": "km 018"}}, {"type": "Feature", "geometry": {"type": "Point", "coordinates": [-64.184104273668, -31.3561222863722]}, "properties": {"name": "km 046"}}, {"type": "Feature", "geometry": {"type": "Point", "coordinates": [-64.215000032395, -31.3549317418625]}, "properties": {"name": "km 043"}}, {"type": "Feature", "geometry": {"type": "Point", "coordinates": [-64.2253884292855, -31.353540146021]}, "properties": {"name": "km 042"}}, {"type": "Feature", "geometry": {"type": "Point", "coordinates": [-64.2354430514428, -31.3545822521759]}, "properties": {"name": "km 041"}}, {"type": "Feature", "geometry": {"type": "Point", "coordinates": [-64.2417885490191, -31.3613886511021]}, "properties": {"name": "km 040"}}, {"type": "Feature", "geometry": {"type": "Point", "coordinates": [-64.1452576484578, -31.3629048289101]}, "properties": {"name": "km 03"}}, {"type": "Feature", "geometry": {"type": "Point", "coordinates": [-64.2173867540114, -31.4640410964137]}, "properties": {"name": "km 024"}}, {"type": "Feature", "geometry": {"type": "Point", "coordinates": [-64.2069888290409, -31.4653669584494]}, "properties": {"name": "km 023"}}, {"type": "Feature", "geometry": {"type": "Point", "coordinates": [-64.1965890092878, -31.4666950628804]}, "properties": {"name": "km 022"}}, {"type": "Feature", "geometry": {"type": "Point", "coordinates": [-64.1756781472925, -31.468483492231]}, "properties": {"name": "km 020"}}, {"type": "Feature", "geometry": {"type": "Point", "coordinates": [-64.1241644923319, -31.4062427682303]}, "properties": {"name": "km 9"}}, {"type": "Feature", "geometry": {"type": "Point", "coordinates": [-64.1267376131923, -31.3888443161621]}, "properties": {"name": "km 07"}}, {"type": "Feature", "geometry": {"type": "Point", "coordinates": [-64.1272723190566, -31.3798604492278]}, "properties": {"name": "km 06"}}, {"type": "Feature", "geometry": {"type": "Point", "coordinates": [-64.1350071378714, -31.3645228748138]}, "properties": {"name": "km 04"}}, {"type": "Feature", "geometry": {"type": "Point", "coordinates": [-64.1555691610373, -31.3611998641565]}, "properties": {"name": "km 02"}}, {"type": "Feature", "geometry": {"type": "Point", "coordinates": [-64.1658896717943, -31.3594652980626]}, "properties": {"name": "km 010"}}, {"type": "Feature", "geometry": {"type": "Point", "coordinates": [-64.1751372547573, -31.3577496237185]}, "properties": {"name": "km 0"}}, {"type": "Feature", "geometry": {"type": "Point", "coordinates": [-64.1761696655635, -31.3575814129082]}, "properties": {"name": "km046.774"}}, {"type": "Feature", "geometry": {"type": "Point", "coordinates": [-64.2927255107492, -31.166864337543]}, "properties": {"name": "21.76 km + 3.76 ROTONDA"}}, {"type": "Feature", "geometry": {"type": "Point", "coordinates": [-64.2927926300698, -31.1744531408699]}, "properties": {"name": "ACCESO"}}, {"type": "Feature", "geometry": {"type": "Point", "coordinates": [-64.2928957498782, -31.1820415738006]}, "properties": {"name": "A SALSIPUEDES"}}, {"type": "Feature", "geometry": {"type": "Point", "coordinates": [-64.3081034629748, -31.8343578528456]}, "properties": {"name": "Km 762.84"}}, {"type": "Feature", "geometry": {"type": "Point", "coordinates": [-64.3764265600414, -32.4248576678883]}, "properties": {"name": "Km 682.00"}}, {"type": "Feature", "geometry": {"type": "Point", "coordinates": [-64.3540077531725, -32.1019585785237]}, "properties": {"name": "LAS BAJADAS"}}, {"type": "Feature", "geometry": {"type": "Point", "coordinates": [-64.3023944416711, -31.8174686370277]}, "properties": {"name": "DESPEÑADEROS"}}, {"type": "Feature", "geometry": {"type": "Point", "coordinates": [-64.3671010959968, -32.7586288629343]}, "properties": {"name": "GIGENA"}}, {"type": "Feature", "geometry": {"type": "Point", "coordinates": [-64.3751161803336, -33.0012458207639]}, "properties": {"name": "ESPINILLO"}}, {"type": "Feature", "geometry": {"type": "Point", "coordinates": [-64.3573612684798, -31.9900427999229]}, "properties": {"name": "Vte. SAN AGUSTIN"}}, {"type": "Feature", "geometry": {"type": "Point", "coordinates": [-64.3094734771043, -32.3571960506393]}, "properties": {"name": "Km 693.00"}}, {"type": "Feature", "geometry": {"type": "Point", "coordinates": [-64.274173141708, -32.326105144099]}, "properties": {"name": "LOS CONDORES"}}, {"type": "Feature", "geometry": {"type": "Point", "coordinates": [-64.379010993296, -32.4498578210335]}, "properties": {"name": "BERRROTARAN"}}, {"type": "Feature", "geometry": {"type": "Point", "coordinates": [-64.2617669160943, -32.1921210031237]}, "properties": {"name": "ALMAFUERTE"}}, {"type": "Feature", "geometry": {"type": "Point", "coordinates": [-64.386369553854, -32.5767123548165]}, "properties": {"name": "ELENA"}}, {"type": "Feature", "geometry": {"type": "Point", "coordinates": [-64.349262293954, -32.0526586749204]}, "properties": {"name": "Km 735.00"}}, {"type": "Feature", "geometry": {"type": "Point", "coordinates": [-64.353624987634, -32.0188342708821]}, "properties": {"name": "Km 739.00"}}, {"type": "Feature", "geometry": {"type": "Point", "coordinates": [-64.3882156635025, -32.4658720531674]}, "properties": {"name": "Km 677.00"}}, {"type": "Feature", "geometry": {"type": "Point", "coordinates": [-64.3462403831961, -32.3725655011117]}, "properties": {"name": "Km 689.00"}}, {"type": "Feature", "geometry": {"type": "Point", "coordinates": [-64.2828653559336, -32.2921077396097]}, "properties": {"name": "Km 701.00"}}, {"type": "Feature", "geometry": {"type": "Point", "coordinates": [-64.3243526713967, -31.8849888656231]}, "properties": {"name": "Km 757.00"}}, {"type": "Feature", "geometry": {"type": "Point", "coordinates": [-64.3661553280278, -32.6491599634481]}, "properties": {"name": "Km 656.00"}}, {"type": "Feature", "geometry": {"type": "Point", "coordinates": [-64.3781390113627, -32.6300556390424]}, "properties": {"name": "Km 658.00"}}, {"type": "Feature", "geometry": {"type": "Point", "coordinates": [-64.3001589521797, -33.0628448807619]}, "properties": {"name": "177.25 km"}}, {"type": "Feature", "geometry": {"type": "Point", "coordinates": [-64.300072804653, -33.0569855503264]}, "properties": {"name": "Ruta Nacional Nº36"}}, {"type": "Feature", "geometry": {"type": "Point", "coordinates": [-64.1240217244828, -31.444533908061]}, "properties": {"name": "Km 696.00"}}, {"type": "Feature", "geometry": {"type": "Point", "coordinates": [-64.2257932528164, -31.468157826337]}, "properties": {"name": "Km 000"}}, {"type": "Feature", "geometry": {"type": "Point", "coordinates": [-64.3238057159084, -33.0788016762383]}, "properties": {"name": "RIO CUARTO"}}, {"type": "Feature", "geometry": {"type": "Point", "coordinates": [-64.3238285159616, -33.0742935948482]}, "properties": {"name": "Ciudad de"}}, {"type": "Feature", "geometry": {"type": "Point", "coordinates": [-64.3743264026849, -31.265240398559]}, "properties": {"name": "12.76 km"}}, {"type": "Feature", "geometry": {"type": "Point", "coordinates": [-64.3742414593047, -31.259379579485]}, "properties": {"name": "Ruta Intercomunal"}}, {"type": "Feature", "geometry": {"type": "Point", "coordinates": [-64.2924219636078, -31.1609312573965]}, "properties": {"name": "Ruta Provincial E53"}}, {"type": "Feature", "geometry": {"type": "Point", "coordinates": [-64.0850400502788, -31.0037630320987]}, "properties": {"name": "41.45 km"}}, {"type": "Feature", "geometry": {"type": "Point", "coordinates": [-64.0849682217187, -30.9979013850952]}, "properties": {"name": "Ruta Nacional Nº9"}}, {"type": "Feature", "geometry": {"type": "Point", "coordinates": [-64.3966747578521, -31.3422553699303]}, "properties": {"name": "32.62 km"}}, {"type": "Feature", "geometry": {"type": "Point", "coordinates": [-64.5292960154018, -31.3864965000737]}, "properties": {"name": "4.35 km"}}, {"type": "Feature", "geometry": {"type": "Point", "coordinates": [-64.5099360614721, -31.459361550193]}, "properties": {"name": "29.19 km"}}, {"type": "Feature", "geometry": {"type": "Point", "coordinates": [-64.4127249530284, -31.577155879087]}, "properties": {"name": "27.88 km"}}, {"type": "Feature", "geometry": {"type": "Point", "coordinates": [-64.2303042554512, -31.626647809621]}, "properties": {"name": "23.55 km"}}, {"type": "Feature", "geometry": {"type": "Point", "coordinates": [-64.0298376936123, -31.6131405778057]}, "properties": {"name": "36.36 km"}}, {"type": "Feature", "geometry": {"type": "Point", "coordinates": [-63.8750054650894, -31.5805195164804]}, "properties": {"name": "37.45 km"}}, {"type": "Feature", "geometry": {"type": "Point", "coordinates": [-63.7069053152989, -31.3365501277922]}, "properties": {"name": "51.70 km"}}, {"type": "Feature", "geometry": {"type": "Point", "coordinates": [-63.7294960400504, -31.3305614901078]}, "properties": {"name": "Ruta Nacional Nº19"}}, {"type": "Feature", "geometry": {"type": "Point", "coordinates": [-64.529201045011, -31.3806361949389]}, "properties": {"name": "Variante Costa Azul"}}, {"type": "Feature", "geometry": {"type": "Point", "coordinates": [-64.3965881720188, -31.3363946766805]}, "properties": {"name": "Ruta Provincial E55"}}, {"type": "Feature", "geometry": {"type": "Point", "coordinates": [-64.4126365631614, -31.5712954413706]}, "properties": {"name": "Ruta Provincial Nº5"}}, {"type": "Feature", "geometry": {"type": "Point", "coordinates": [-64.2302271282906, -31.6207869853993]}, "properties": {"name": "Ruta Nacional Nº36"}}, {"type": "Feature", "geometry": {"type": "Point", "coordinates": [-63.9141076930086, -31.5693995829378]}, "properties": {"name": "Autopista Córdoba - Pilar"}}, {"type": "Feature", "geometry": {"type": "Point", "coordinates": [-64.0457364721509, -31.6052272058042]}, "properties": {"name": "Ruta Nacional Nº9"}}, {"type": "Feature", "geometry": {"type": "Point", "coordinates": [-64.2765159419828, -31.2567135421262]}, "properties": {"name": "MENDIOLAZA"}}, {"type": "Feature", "geometry": {"type": "Point", "coordinates": [-64.2758152093606, -31.2517829428317]}, "properties": {"name": "TALAR DE"}}, {"type": "Feature", "geometry": {"type": "Point", "coordinates": [-64.3231348417882, -31.2454052221026]}, "properties": {"name": "UNQUILLO"}}, {"type": "Feature", "geometry": {"type": "Point", "coordinates": [-64.3251266911185, -31.2665342246294]}, "properties": {"name": "MENDIOLAZA"}}, {"type": "Feature", "geometry": {"type": "Point", "coordinates": [-64.3177959043035, -31.2987751847221]}, "properties": {"name": "VILLA ALLENDE"}}, {"type": "Feature", "geometry": {"type": "Point", "coordinates": [-64.3382398513045, -31.1803275401083]}, "properties": {"name": "RÍO CEBALLOS"}}, {"type": "Feature", "geometry": {"type": "Point", "coordinates": [-64.3160638786219, -31.2241651314384]}, "properties": {"name": "PAJAS BLANCAS"}}, {"type": "Feature", "geometry": {"type": "Point", "coordinates": [-64.1646135729046, -31.2571928059568]}, "properties": {"name": "JUAREZ CELMAN"}}, {"type": "Feature", "geometry": {"type": "Point", "coordinates": [-64.1667944269805, -31.2769460915667]}, "properties": {"name": "LOS LLANOS"}}, {"type": "Feature", "geometry": {"type": "Point", "coordinates": [-64.188818016815, -31.336651652756]}, "properties": {"name": "Km 2"}}, {"type": "Feature", "geometry": {"type": "Point", "coordinates": [-64.1858981687919, -31.3188381301884]}, "properties": {"name": "Km 4"}}, {"type": "Feature", "geometry": {"type": "Point", "coordinates": [-64.1845062679944, -31.3098998915893]}, "properties": {"name": "Km 5"}}, {"type": "Feature", "geometry": {"type": "Point", "coordinates": [-64.1849140870925, -31.3009879424114]}, "properties": {"name": "Km 6"}}, {"type": "Feature", "geometry": {"type": "Point", "coordinates": [-64.1880257664467, -31.2923802996444]}, "properties": {"name": "Km 7"}}, {"type": "Feature", "geometry": {"type": "Point", "coordinates": [-64.1881648505349, -31.2845357276752]}, "properties": {"name": "Km 8"}}, {"type": "Feature", "geometry": {"type": "Point", "coordinates": [-64.1885660596073, -31.2743535868113]}, "properties": {"name": "Km 9"}}, {"type": "Feature", "geometry": {"type": "Point", "coordinates": [-64.1887180658614, -31.2653367419224]}, "properties": {"name": "Km 10"}}, {"type": "Feature", "geometry": {"type": "Point", "coordinates": [-64.1860984549475, -31.2563273990533]}, "properties": {"name": "Km 11"}}, {"type": "Feature", "geometry": {"type": "Point", "coordinates": [-64.1790658044091, -31.2506900431762]}, "properties": {"name": "Km 12"}}, {"type": "Feature", "geometry": {"type": "Point", "coordinates": [-64.1775485069841, -31.2452314698938]}, "properties": {"name": "Km 13"}}, {"type": "Feature", "geometry": {"type": "Point", "coordinates": [-64.1635780892299, -31.2420332813649]}, "properties": {"name": "Km 723.00"}}, {"type": "Feature", "geometry": {"type": "Point", "coordinates": [-64.1653293628658, -31.2509247489113]}, "properties": {"name": "Km 722.00"}}, {"type": "Feature", "geometry": {"type": "Point", "coordinates": [-64.1667633949799, -31.2598459787416]}, "properties": {"name": "Km 721.00"}}, {"type": "Feature", "geometry": {"type": "Point", "coordinates": [-64.1688110976208, -31.2686746574265]}, "properties": {"name": "Km 720.00"}}, {"type": "Feature", "geometry": {"type": "Point", "coordinates": [-64.1705425660778, -31.2775690163971]}, "properties": {"name": "Km 719.00"}}, {"type": "Feature", "geometry": {"type": "Point", "coordinates": [-64.1722670869649, -31.2864643661045]}, "properties": {"name": "Km 718.00"}}, {"type": "Feature", "geometry": {"type": "Point", "coordinates": [-64.1739902686781, -31.2953599262255]}, "properties": {"name": "Km 717.00"}}, {"type": "Feature", "geometry": {"type": "Point", "coordinates": [-64.1696078994387, -31.3043208457977]}, "properties": {"name": "Km 716.00"}}, {"type": "Feature", "geometry": {"type": "Point", "coordinates": [-64.1759943751768, -31.3132195932371]}, "properties": {"name": "Km 715.00"}}, {"type": "Feature", "geometry": {"type": "Point", "coordinates": [-64.1758587547142, -31.3222339600168]}, "properties": {"name": "Km 714.00"}}, {"type": "Feature", "geometry": {"type": "Point", "coordinates": [-64.175786825938, -31.331251481753]}, "properties": {"name": "Km 713.00"}}, {"type": "Feature", "geometry": {"type": "Point", "coordinates": [-64.1761374084332, -31.3402032004939]}, "properties": {"name": "Km 712.00"}}, {"type": "Feature", "geometry": {"type": "Point", "coordinates": [-64.1761505328612, -31.3492209103568]}, "properties": {"name": "Km 711.00"}}, {"type": "Feature", "geometry": {"type": "Point", "coordinates": [-64.2169151064143, -31.3160761336598]}, "properties": {"name": "Km 4.0"}}, {"type": "Feature", "geometry": {"type": "Point", "coordinates": [-64.2127864654557, -31.3238753089442]}, "properties": {"name": "Km 3.0"}}, {"type": "Feature", "geometry": {"type": "Point", "coordinates": [-64.2098179795361, -31.3324543131524]}, "properties": {"name": "Km 2.0"}}, {"type": "Feature", "geometry": {"type": "Point", "coordinates": [-64.2078422306387, -31.3411478551799]}, "properties": {"name": "Km 1.0"}}, {"type": "Feature", "geometry": {"type": "Point", "coordinates": [-64.2039967708262, -31.3493272362671]}, "properties": {"name": "Km 0.00"}}, {"type": "Feature", "geometry": {"type": "Point", "coordinates": [-64.2459267392398, -31.2576016817847]}, "properties": {"name": "Km 11.0"}}, {"type": "Feature", "geometry": {"type": "Point", "coordinates": [-64.24184639283, -31.2659001822679]}, "properties": {"name": "Km 10.0"}}, {"type": "Feature", "geometry": {"type": "Point", "coordinates": [-64.2377026761665, -31.2741857308076]}, "properties": {"name": "Km 9.0"}}, {"type": "Feature", "geometry": {"type": "Point", "coordinates": [-64.2335582558263, -31.2824711542261]}, "properties": {"name": "Km 8.0"}}, {"type": "Feature", "geometry": {"type": "Point", "coordinates": [-64.2294131313903, -31.2907564523914]}, "properties": {"name": "Km 7.0"}}, {"type": "Feature", "geometry": {"type": "Point", "coordinates": [-64.2252673024392, -31.2990416251712]}, "properties": {"name": "Km 6.0"}}, {"type": "Feature", "geometry": {"type": "Point", "coordinates": [-64.2210794585005, -31.3073111977102]}, "properties": {"name": "Km 5.0"}}, {"type": "Feature", "geometry": {"type": "Point", "coordinates": [-64.3012209506598, -31.1748458037887]}, "properties": {"name": "Km21.75"}}, {"type": "Feature", "geometry": {"type": "Point", "coordinates": [-64.2921812057718, -31.1884278722764]}, "properties": {"name": "Km 20.0"}}, {"type": "Feature", "geometry": {"type": "Point", "coordinates": [-64.2816174497845, -31.2039893652632]}, "properties": {"name": "Km 18.0"}}, {"type": "Feature", "geometry": {"type": "Point", "coordinates": [-64.2762596399437, -31.2117421523691]}, "properties": {"name": "Km 17.0"}}, {"type": "Feature", "geometry": {"type": "Point", "coordinates": [-64.2735926677857, -31.2203700762946]}, "properties": {"name": "Km 16.0"}}, {"type": "Feature", "geometry": {"type": "Point", "coordinates": [-64.265622517959, -31.226200447409]}, "properties": {"name": "Km 15.0"}}, {"type": "Feature", "geometry": {"type": "Point", "coordinates": [-64.2591250860109, -31.233049336812]}, "properties": {"name": "Km 14.0"}}, {"type": "Feature", "geometry": {"type": "Point", "coordinates": [-64.2542638602727, -31.2410497316431]}, "properties": {"name": "Km 13.0"}}, {"type": "Feature", "geometry": {"type": "Point", "coordinates": [-64.2501317168027, -31.2493287103531]}, "properties": {"name": "Km 12.0"}}, {"type": "Feature", "geometry": {"type": "Point", "coordinates": [-64.1254094458895, -30.9845672814035]}, "properties": {"name": "JESÚS MARÍA"}}, {"type": "Feature", "geometry": {"type": "Point", "coordinates": [-64.1049883128245, -31.0082194156593]}, "properties": {"name": "COLONIA CAROYA"}}, {"type": "Feature", "geometry": {"type": "Point", "coordinates": [-64.1226588297371, -31.1336373189557]}, "properties": {"name": "Vte. GENERAL PAZ"}}, {"type": "Feature", "geometry": {"type": "Point", "coordinates": [-64.1027289217665, -30.9957185229679]}, "properties": {"name": "Km 751.00"}}, {"type": "Feature", "geometry": {"type": "Point", "coordinates": [-64.1068105915608, -31.0040232261827]}, "properties": {"name": "Km 750.00"}}, {"type": "Feature", "geometry": {"type": "Point", "coordinates": [-64.1108717323376, -31.0123165205047]}, "properties": {"name": "Km 749.00"}}, {"type": "Feature", "geometry": {"type": "Point", "coordinates": [-64.1141568609464, -31.0208507276845]}, "properties": {"name": "Km 748.00"}}, {"type": "Feature", "geometry": {"type": "Point", "coordinates": [-64.1177936750731, -31.0292921754111]}, "properties": {"name": "Km 747.00"}}, {"type": "Feature", "geometry": {"type": "Point", "coordinates": [-64.1203240388777, -31.0380772402466]}, "properties": {"name": "Km 746.00"}}, {"type": "Feature", "geometry": {"type": "Point", "coordinates": [-64.122393372837, -31.046887213535]}, "properties": {"name": "Km 745.00"}}, {"type": "Feature", "geometry": {"type": "Point", "coordinates": [-64.1268989281758, -31.0645007166767]}, "properties": {"name": "Km 743.00"}}, {"type": "Feature", "geometry": {"type": "Point", "coordinates": [-64.1314158806409, -31.0821130696798]}, "properties": {"name": "Km 741.00"}}, {"type": "Feature", "geometry": {"type": "Point", "coordinates": [-64.1337288709459, -31.0909393152718]}, "properties": {"name": "Km 740.00"}}, {"type": "Feature", "geometry": {"type": "Point", "coordinates": [-64.1350594083627, -31.099833839856]}, "properties": {"name": "Km 739.00"}}, {"type": "Feature", "geometry": {"type": "Point", "coordinates": [-64.1388185951114, -31.1176132787473]}, "properties": {"name": "Km 737.00"}}, {"type": "Feature", "geometry": {"type": "Point", "coordinates": [-64.1688023474088, -31.1480739544298]}, "properties": {"name": "Km 733.58"}}, {"type": "Feature", "geometry": {"type": "Point", "coordinates": [-64.1511784490041, -31.1798147242351]}, "properties": {"name": "Km 730.00"}}, {"type": "Feature", "geometry": {"type": "Point", "coordinates": [-64.152952348043, -31.1887028238725]}, "properties": {"name": "Km 729.00"}}, {"type": "Feature", "geometry": {"type": "Point", "coordinates": [-64.154726595155, -31.1975908879739]}, "properties": {"name": "Km 728.00"}}, {"type": "Feature", "geometry": {"type": "Point", "coordinates": [-64.1565012113239, -31.2064788982886]}, "properties": {"name": "Km 727.00"}}, {"type": "Feature", "geometry": {"type": "Point", "coordinates": [-64.1582735990961, -31.2153672389202]}, "properties": {"name": "Km 726.00"}}, {"type": "Feature", "geometry": {"type": "Point", "coordinates": [-64.4448485228847, -31.3739524863396]}, "properties": {"name": "kM 025"}}, {"type": "Feature", "geometry": {"type": "Point", "coordinates": [-64.4565475097606, -31.3599537614359]}, "properties": {"name": "kM 027"}}, {"type": "Feature", "geometry": {"type": "Point", "coordinates": [-64.4626762025398, -31.3526365767132]}, "properties": {"name": "kM 028"}}, {"type": "Feature", "geometry": {"type": "Point", "coordinates": [-64.4584349442964, -31.3356301413361]}, "properties": {"name": "kM 030"}}, {"type": "Feature", "geometry": {"type": "Point", "coordinates": [-64.4549491233666, -31.3271236210824]}, "properties": {"name": "kM 031"}}, {"type": "Feature", "geometry": {"type": "Point", "coordinates": [-64.277296160921, -31.388066922191]}, "properties": {"name": "Km 001"}}, {"type": "Feature", "geometry": {"type": "Point", "coordinates": [-64.316019602268, -31.3582937108033]}, "properties": {"name": "Km 006"}}, {"type": "Feature", "geometry": {"type": "Point", "coordinates": [-64.3257068294861, -31.3549183428297]}, "properties": {"name": "Km 007"}}, {"type": "Feature", "geometry": {"type": "Point", "coordinates": [-64.344306603639, -31.3483430942533]}, "properties": {"name": "Km 009"}}, {"type": "Feature", "geometry": {"type": "Point", "coordinates": [-64.3499380949332, -31.3532890750336]}, "properties": {"name": "Km 010"}}, {"type": "Feature", "geometry": {"type": "Point", "coordinates": [-64.3594679615599, -31.356018828556]}, "properties": {"name": "Km 011"}}, {"type": "Feature", "geometry": {"type": "Point", "coordinates": [-64.3673731844218, -31.3575856956294]}, "properties": {"name": "Km 012"}}, {"type": "Feature", "geometry": {"type": "Point", "coordinates": [-64.3771725086301, -31.3597431620335]}, "properties": {"name": "Km 013"}}, {"type": "Feature", "geometry": {"type": "Point", "coordinates": [-64.3867189534798, -31.3576677671345]}, "properties": {"name": "Km 014"}}, {"type": "Feature", "geometry": {"type": "Point", "coordinates": [-64.3954584576397, -31.3530943222487]}, "properties": {"name": "Km 015"}}, {"type": "Feature", "geometry": {"type": "Point", "coordinates": [-64.4039788027874, -31.3556688573807]}, "properties": {"name": "Km 016"}}, {"type": "Feature", "geometry": {"type": "Point", "coordinates": [-64.4048545683749, -31.3539472368491]}, "properties": {"name": "Km 017"}}, {"type": "Feature", "geometry": {"type": "Point", "coordinates": [-64.4140445760825, -31.3565024944172]}, "properties": {"name": "Km 018"}}, {"type": "Feature", "geometry": {"type": "Point", "coordinates": [-64.4197730947726, -31.7491957127793]}, "properties": {"name": "Peaje Alternativa RP5 - Pr 15.440"}}, {"type": "Feature", "geometry": {"type": "Point", "coordinates": [-64.3048529046236, -31.5422335249222]}, "properties": {"name": "Peaje R P 5 - Km 11.24"}}, {"type": "Feature", "geometry": {"type": "Point", "coordinates": [-64.2426658279263, -31.3223105840725]}, "properties": {"name": "Peaje R P E53             4.35km"}}, {"type": "Feature", "geometry": {"type": "Point", "coordinates": [-64.3121337240749, -31.4667557444454]}, "properties": {"name": "Peaje R N 20/38 - 14.61km"}}, {"type": "Feature", "geometry": {"type": "Point", "coordinates": [-64.3170636334516, -31.3854968146422]}, "properties": {"name": "Peaje R Prov E55        km 3.90"}}, {"type": "Feature", "geometry": {"type": "Point", "coordinates": [-63.8816128223805, -31.3090338116234]}, "properties": {"name": "Peaje R N 19        km 306.624"}}, {"type": "Feature", "geometry": {"type": "Point", "coordinates": [-63.8934955067285, -31.6802793583527]}, "properties": {"name": "PILAR"}}, {"type": "Feature", "geometry": {"type": "Point", "coordinates": [-63.9347045729256, -31.6489531194126]}, "properties": {"name": "RÍO SEGUNDO"}}, {"type": "Feature", "geometry": {"type": "Point", "coordinates": [-64.0275180462696, -31.5589032796853]}, "properties": {"name": "TOLEDO"}}, {"type": "Feature", "geometry": {"type": "Point", "coordinates": [-64.4351053668705, -31.6540894986243]}, "properties": {"name": "ALTA GRACIA"}}, {"type": "Feature", "geometry": {"type": "Point", "coordinates": [-64.4202365803449, -31.6192047462486]}, "properties": {"name": "VILLA EL PRADO"}}, {"type": "Feature", "geometry": {"type": "Point", "coordinates": [-64.3504879256845, -31.5905623992083]}, "properties": {"name": "VILLA PARQUE SANTA ANA"}}, {"type": "Feature", "geometry": {"type": "Point", "coordinates": [-64.2816857010454, -31.527295827135]}, "properties": {"name": "COMUNA LOS CEDROS"}}, {"type": "Feature", "geometry": {"type": "Point", "coordinates": [-64.3701224007686, -31.4539326529488]}, "properties": {"name": "YOCSINA"}}, {"type": "Feature", "geometry": {"type": "Point", "coordinates": [-64.3409820230687, -31.4552837955905]}, "properties": {"name": "MALAGUEÑO"}}, {"type": "Feature", "geometry": {"type": "Point", "coordinates": [-64.4879017584199, -31.44210938672]}, "properties": {"name": "VILLA MARIANO MORENO"}}, {"type": "Feature", "geometry": {"type": "Point", "coordinates": [-64.5044999798762, -31.4000101146864]}, "properties": {"name": "CARLOS PAZ"}}, {"type": "Feature", "geometry": {"type": "Point", "coordinates": [-64.4857617137491, -31.4377390027497]}, "properties": {"name": "VILLA SAN NICOLÁS"}}, {"type": "Feature", "geometry": {"type": "Point", "coordinates": [-64.4738920340424, -31.3133658619083]}, "properties": {"name": "BIALLET  MASSE"}}, {"type": "Feature", "geometry": {"type": "Point", "coordinates": [-64.4598374118944, -31.3482796698299]}, "properties": {"name": "COMUNA SAN ROQUE"}}, {"type": "Feature", "geometry": {"type": "Point", "coordinates": [-64.3487936153, -31.3531593258392]}, "properties": {"name": "LA CALERA"}}, {"type": "Feature", "geometry": {"type": "Point", "coordinates": [-64.374871768253, -31.6581392461979]}, "properties": {"name": "Km 029"}}, {"type": "Feature", "geometry": {"type": "Point", "coordinates": [-64.3959544113675, -31.6582650723556]}, "properties": {"name": "Km 027"}}, {"type": "Feature", "geometry": {"type": "Point", "coordinates": [-64.2695056165505, -31.4164020347536]}, "properties": {"name": "Km 003"}}, {"type": "Feature", "geometry": {"type": "Point", "coordinates": [-64.1052559805227, -31.3964023674134]}, "properties": {"name": "km 330000"}}, {"type": "Feature", "geometry": {"type": "Point", "coordinates": [-64.0851995288221, -31.3910344869575]}, "properties": {"name": "km 328000"}}, {"type": "Feature", "geometry": {"type": "Point", "coordinates": [-64.0452565134474, -31.3797654812157]}, "properties": {"name": "km 324000"}}, {"type": "Feature", "geometry": {"type": "Point", "coordinates": [-64.0352713596535, -31.3769484284729]}, "properties": {"name": "km 323000"}}, {"type": "Feature", "geometry": {"type": "Point", "coordinates": [-64.0252853902841, -31.3741342112955]}, "properties": {"name": "km 322000"}}, {"type": "Feature", "geometry": {"type": "Point", "coordinates": [-63.9455718907035, -31.3511430530407]}, "properties": {"name": "km 314000"}}, {"type": "Feature", "geometry": {"type": "Point", "coordinates": [-63.9387346034753, -31.3447668695509]}, "properties": {"name": "km 313000"}}, {"type": "Feature", "geometry": {"type": "Point", "coordinates": [-63.9290775675321, -31.3422943240421]}, "properties": {"name": "km 312000"}}, {"type": "Feature", "geometry": {"type": "Point", "coordinates": [-63.9186674125778, -31.3397589424474]}, "properties": {"name": "km 311000"}}, {"type": "Feature", "geometry": {"type": "Point", "coordinates": [-63.8583814471787, -31.3241360130017]}, "properties": {"name": "km 305000"}}, {"type": "Feature", "geometry": {"type": "Point", "coordinates": [-63.8482521286514, -31.3217446623687]}, "properties": {"name": "km 304000"}}, {"type": "Feature", "geometry": {"type": "Point", "coordinates": [-63.8381252239116, -31.3193547023817]}, "properties": {"name": "km 303000"}}, {"type": "Feature", "geometry": {"type": "Point", "coordinates": [-64.4859884790563, -31.4133445298577]}, "properties": {"name": "Km 010"}}, {"type": "Feature", "geometry": {"type": "Point", "coordinates": [-64.4447595935736, -31.4357610866424]}, "properties": {"name": "Km 003"}}, {"type": "Feature", "geometry": {"type": "Point", "coordinates": [-64.3865593554871, -31.4498142687122]}, "properties": {"name": "Km 022"}}, {"type": "Feature", "geometry": {"type": "Point", "coordinates": [-64.3779682221697, -31.4446154759207]}, "properties": {"name": "Km 021"}}, {"type": "Feature", "geometry": {"type": "Point", "coordinates": [-64.305882330598, -31.43640738945]}, "properties": {"name": "Km 014"}}, {"type": "Feature", "geometry": {"type": "Point", "coordinates": [-64.4081447196037, -31.6504339864026]}, "properties": {"name": "Km 027"}}, {"type": "Feature", "geometry": {"type": "Point", "coordinates": [-64.4059945355531, -31.6416630376987]}, "properties": {"name": "Km 026"}}, {"type": "Feature", "geometry": {"type": "Point", "coordinates": [-64.3943723860896, -31.6267029694263]}, "properties": {"name": "Km 024"}}, {"type": "Feature", "geometry": {"type": "Point", "coordinates": [-64.387934292186, -31.6195655188848]}, "properties": {"name": "Km 023"}}, {"type": "Feature", "geometry": {"type": "Point", "coordinates": [-64.3813199526958, -31.6125475655978]}, "properties": {"name": "Km 022"}}, {"type": "Feature", "geometry": {"type": "Point", "coordinates": [-64.3738071241993, -31.6062520409805]}, "properties": {"name": "Km 021"}}, {"type": "Feature", "geometry": {"type": "Point", "coordinates": [-64.3658513056296, -31.6003410334792]}, "properties": {"name": "Km 020"}}, {"type": "Feature", "geometry": {"type": "Point", "coordinates": [-64.3592713431016, -31.5934006351899]}, "properties": {"name": "Km 019"}}, {"type": "Feature", "geometry": {"type": "Point", "coordinates": [-64.3539557713273, -31.5856508174116]}, "properties": {"name": "Km 018"}}, {"type": "Feature", "geometry": {"type": "Point", "coordinates": [-64.3472373546916, -31.5789575077079]}, "properties": {"name": "Km 017"}}, {"type": "Feature", "geometry": {"type": "Point", "coordinates": [-64.338943325267, -31.5734716208148]}, "properties": {"name": "Km 016"}}, {"type": "Feature", "geometry": {"type": "Point", "coordinates": [-64.3317968682505, -31.5668996805815]}, "properties": {"name": "Km 015"}}, {"type": "Feature", "geometry": {"type": "Point", "coordinates": [-64.3252821686975, -31.5598846811517]}, "properties": {"name": "Km 014"}}, {"type": "Feature", "geometry": {"type": "Point", "coordinates": [-64.2953753662621, -31.5350450465494]}, "properties": {"name": "Km 010"}}, {"type": "Feature", "geometry": {"type": "Point", "coordinates": [-64.2885724519722, -31.5285283730169]}, "properties": {"name": "Km 009"}}, {"type": "Feature", "geometry": {"type": "Point", "coordinates": [-64.28273469823, -31.5211466029321]}, "properties": {"name": "Km 008"}}, {"type": "Feature", "geometry": {"type": "Point", "coordinates": [-64.2757576705114, -31.514394916682]}, "properties": {"name": "Km 007"}}, {"type": "Feature", "geometry": {"type": "Point", "coordinates": [-64.2687827717117, -31.507641854851]}, "properties": {"name": "Km 006"}}, {"type": "Feature", "geometry": {"type": "Point", "coordinates": [-64.2611501839176, -31.5014481218769]}, "properties": {"name": "Km 005"}}, {"type": "Feature", "geometry": {"type": "Point", "coordinates": [-64.2547115416915, -31.4943225528315]}, "properties": {"name": "Km 004"}}, {"type": "Feature", "geometry": {"type": "Point", "coordinates": [-64.2478133245602, -31.4875129581881]}, "properties": {"name": "Km 003"}}, {"type": "Feature", "geometry": {"type": "Point", "coordinates": [-64.2408274175945, -31.4807757006071]}, "properties": {"name": "Km 002"}}, {"type": "Feature", "geometry": {"type": "Point", "coordinates": [-64.2332545651831, -31.4745153891498]}, "properties": {"name": "Km 001"}}, {"type": "Feature", "geometry": {"type": "Point", "coordinates": [-63.8524693854057, -31.6569762907454]}, "properties": {"name": "Km 662"}}, {"type": "Feature", "geometry": {"type": "Point", "coordinates": [-63.8580804173324, -31.6493812728286]}, "properties": {"name": "Km 663"}}, {"type": "Feature", "geometry": {"type": "Point", "coordinates": [-63.8645222810245, -31.6422430122908]}, "properties": {"name": "Km 664"}}, {"type": "Feature", "geometry": {"type": "Point", "coordinates": [-63.8709631716123, -31.6351044304159]}, "properties": {"name": "Km 665"}}, {"type": "Feature", "geometry": {"type": "Point", "coordinates": [-63.8836930325969, -31.6207295968931]}, "properties": {"name": "Km 667"}}, {"type": "Feature", "geometry": {"type": "Point", "coordinates": [-63.8899942943485, -31.6135013242506]}, "properties": {"name": "Km 668"}}, {"type": "Feature", "geometry": {"type": "Point", "coordinates": [-63.8962945883808, -31.6062727506373]}, "properties": {"name": "Km 669"}}, {"type": "Feature", "geometry": {"type": "Point", "coordinates": [-63.9031847013761, -31.5994948098777]}, "properties": {"name": "Km 670"}}, {"type": "Feature", "geometry": {"type": "Point", "coordinates": [-63.911486592084, -31.5939426751744]}, "properties": {"name": "Km 671"}}, {"type": "Feature", "geometry": {"type": "Point", "coordinates": [-63.9197948905288, -31.5883976430358]}, "properties": {"name": "Km 672"}}, {"type": "Feature", "geometry": {"type": "Point", "coordinates": [-63.927825929918, -31.5825791545856]}, "properties": {"name": "Km 673"}}, {"type": "Feature", "geometry": {"type": "Point", "coordinates": [-63.9348747197849, -31.5758797232468]}, "properties": {"name": "Km 674"}}, {"type": "Feature", "geometry": {"type": "Point", "coordinates": [-63.9418553878541, -31.5691265839115]}, "properties": {"name": "Km 675"}}, {"type": "Feature", "geometry": {"type": "Point", "coordinates": [-63.9488350418736, -31.5623730760986]}, "properties": {"name": "Km 676"}}, {"type": "Feature", "geometry": {"type": "Point", "coordinates": [-63.9558137033766, -31.5556192089723]}, "properties": {"name": "Km 677"}}, {"type": "Feature", "geometry": {"type": "Point", "coordinates": [-63.9627913620246, -31.5488649648776]}, "properties": {"name": "Km 678"}}, {"type": "Feature", "geometry": {"type": "Point", "coordinates": [-63.9697680108762, -31.542110354457]}, "properties": {"name": "Km 679"}}, {"type": "Feature", "geometry": {"type": "Point", "coordinates": [-63.9767436664185, -31.5353553781435]}, "properties": {"name": "Km 680"}}, {"type": "Feature", "geometry": {"type": "Point", "coordinates": [-63.9837183098007, -31.5286000348672]}, "properties": {"name": "Km 681"}}, {"type": "Feature", "geometry": {"type": "Point", "coordinates": [-63.9906919624559, -31.5218443247689]}, "properties": {"name": "Km 682"}}, {"type": "Feature", "geometry": {"type": "Point", "coordinates": [-63.9976646037062, -31.5150882483134]}, "properties": {"name": "Km 683"}}, {"type": "Feature", "geometry": {"type": "Point", "coordinates": [-64.0046362549817, -31.5083318056391]}, "properties": {"name": "Km 684"}}, {"type": "Feature", "geometry": {"type": "Point", "coordinates": [-64.0116069061321, -31.5015749971298]}, "properties": {"name": "Km 685"}}, {"type": "Feature", "geometry": {"type": "Point", "coordinates": [-64.0185765469126, -31.4948178141536]}, "properties": {"name": "Km 686"}}, {"type": "Feature", "geometry": {"type": "Point", "coordinates": [-64.0967031132739, -31.4221449499304]}, "properties": {"name": "Km 697"}}, {"type": "Feature", "geometry": {"type": "Point", "coordinates": [-64.0882149224955, -31.4272236241787]}, "properties": {"name": "Km 696"}}, {"type": "Feature", "geometry": {"type": "Point", "coordinates": [-64.0812490725351, -31.4339797534945]}, "properties": {"name": "Km 695"}}, {"type": "Feature", "geometry": {"type": "Point", "coordinates": [-64.074290161545, -31.4407415377059]}, "properties": {"name": "Km 694"}}, {"type": "Feature", "geometry": {"type": "Point", "coordinates": [-64.0673308014169, -31.4475033647256]}, "properties": {"name": "Km 693"}}, {"type": "Feature", "geometry": {"type": "Point", "coordinates": [-64.0603704447438, -31.4542648378892]}, "properties": {"name": "Km 692"}}, {"type": "Feature", "geometry": {"type": "Point", "coordinates": [-64.0534075705475, -31.4610247882934]}, "properties": {"name": "Km 691"}}, {"type": "Feature", "geometry": {"type": "Point", "coordinates": [-64.0464435404439, -31.4677842560395]}, "properties": {"name": "Km 690"}}, {"type": "Feature", "geometry": {"type": "Point", "coordinates": [-64.0394785018784, -31.4745433508965]}, "properties": {"name": "Km 689"}}, {"type": "Feature", "geometry": {"type": "Point", "coordinates": [-64.0255451989432, -31.4880602748806]}, "properties": {"name": "Km 687"}}, {"type": "Feature", "geometry": {"type": "Point", "coordinates": [-64.0325124651945, -31.4813020905114]}, "properties": {"name": "Km 688"}}, {"type": "Feature", "geometry": {"type": "Point", "coordinates": [-63.8631397622589, -31.6952050274419]}, "properties": {"name": "KM 001"}}, {"type": "Feature", "geometry": {"type": "Point", "coordinates": [-64.1170512588485, -31.4512873872195]}, "properties": {"name": "Km 695.00"}}, {"type": "Feature", "geometry": {"type": "Point", "coordinates": [-64.1100924858734, -31.4580500825765]}, "properties": {"name": "Km 694.00"}}, {"type": "Feature", "geometry": {"type": "Point", "coordinates": [-64.1031367283632, -31.4648154385464]}, "properties": {"name": "Km 693.00"}}, {"type": "Feature", "geometry": {"type": "Point", "coordinates": [-64.096178614969, -31.4715794162121]}, "properties": {"name": "Km 692.00"}}, {"type": "Feature", "geometry": {"type": "Point", "coordinates": [-64.0892195039213, -31.4783430315695]}, "properties": {"name": "Km 691.00"}}, {"type": "Feature", "geometry": {"type": "Point", "coordinates": [-64.082262069874, -31.4851082907941]}, "properties": {"name": "Km 690.00"}}, {"type": "Feature", "geometry": {"type": "Point", "coordinates": [-64.0753064615855, -31.4918753370509]}, "properties": {"name": "Km 689.00"}}, {"type": "Feature", "geometry": {"type": "Point", "coordinates": [-64.0683483471809, -31.4986408789368]}, "properties": {"name": "Km 688.00"}}, {"type": "Feature", "geometry": {"type": "Point", "coordinates": [-64.0613856771688, -31.5054033637398]}, "properties": {"name": "Km 687.00"}}, {"type": "Feature", "geometry": {"type": "Point", "coordinates": [-64.0544260313773, -31.5121685268171]}, "properties": {"name": "Km 686.00"}}, {"type": "Feature", "geometry": {"type": "Point", "coordinates": [-64.0474698555942, -31.5189367075503]}, "properties": {"name": "Km 685.00"}}, {"type": "Feature", "geometry": {"type": "Point", "coordinates": [-64.0404864841256, -31.5256844289261]}, "properties": {"name": "Km 684.00"}}, {"type": "Feature", "geometry": {"type": "Point", "coordinates": [-64.033529687835, -31.5324529250022]}, "properties": {"name": "Km 683.00"}}, {"type": "Feature", "geometry": {"type": "Point", "coordinates": [-64.0265714235777, -31.5392206911597]}, "properties": {"name": "Km 682.00"}}, {"type": "Feature", "geometry": {"type": "Point", "coordinates": [-64.0196121477408, -31.5459880931261]}, "properties": {"name": "Km 681.00"}}, {"type": "Feature", "geometry": {"type": "Point", "coordinates": [-64.0050540694233, -31.5589030653809]}, "properties": {"name": "Km 679.00"}}, {"type": "Feature", "geometry": {"type": "Point", "coordinates": [-63.9988915730488, -31.5661344451027]}, "properties": {"name": "Km 678.00"}}, {"type": "Feature", "geometry": {"type": "Point", "coordinates": [-63.9919260718379, -31.5728986994564]}, "properties": {"name": "Km 677.00"}}, {"type": "Feature", "geometry": {"type": "Point", "coordinates": [-63.9849595569764, -31.5796625788571]}, "properties": {"name": "Km 676.00"}}, {"type": "Feature", "geometry": {"type": "Point", "coordinates": [-63.9779920388079, -31.5864261009556]}, "properties": {"name": "Km 675.00"}}, {"type": "Feature", "geometry": {"type": "Point", "coordinates": [-63.9710235273931, -31.5931892563521]}, "properties": {"name": "Km 674.00"}}, {"type": "Feature", "geometry": {"type": "Point", "coordinates": [-63.9640540012838, -31.5999520449055]}, "properties": {"name": "Km 673.00"}}, {"type": "Feature", "geometry": {"type": "Point", "coordinates": [-63.9570841396053, -31.606714966239]}, "properties": {"name": "Km 672.00"}}, {"type": "Feature", "geometry": {"type": "Point", "coordinates": [-63.9501148341174, -31.6134786989036]}, "properties": {"name": "Km 671.00"}}, {"type": "Feature", "geometry": {"type": "Point", "coordinates": [-63.9431453304101, -31.6202426622349]}, "properties": {"name": "Km 670.00"}}, {"type": "Feature", "geometry": {"type": "Point", "coordinates": [-63.936175511592, -31.6270067937875]}, "properties": {"name": "Km 669.00"}}, {"type": "Feature", "geometry": {"type": "Point", "coordinates": [-63.9292046868595, -31.6337705573041]}, "properties": {"name": "Km 668.00"}}, {"type": "Feature", "geometry": {"type": "Point", "coordinates": [-63.9125078863062, -31.6403675130399]}, "properties": {"name": "Km 666.00"}}, {"type": "Feature", "geometry": {"type": "Point", "coordinates": [-63.9054860055214, -31.646701995343]}, "properties": {"name": "Km 665.00"}}, {"type": "Feature", "geometry": {"type": "Point", "coordinates": [-63.8991175359834, -31.653888363224]}, "properties": {"name": "Km 664.00"}}, {"type": "Feature", "geometry": {"type": "Point", "coordinates": [-63.8927480921001, -31.6610744234964]}, "properties": {"name": "Km 663.00"}}, {"type": "Feature", "geometry": {"type": "Point", "coordinates": [-63.8896089224459, -31.6691039296452]}, "properties": {"name": "Km 662.00"}}, {"type": "Feature", "geometry": {"type": "Point", "coordinates": [-63.7471981451924, -31.2978488736475]}, "properties": {"name": "km 294000"}}, {"type": "Feature", "geometry": {"type": "Point", "coordinates": [-63.807738690197, -31.31217150213]}, "properties": {"name": "km 300000"}}, {"type": "Feature", "geometry": {"type": "Point", "coordinates": [-63.8178664660519, -31.314564877439]}, "properties": {"name": "km 301000"}}]}